TIMESTAMP,OBSERVED,SCORE,INITIAL_Y,GROWTH_RATE,DECAY_RATE,BASELINE,WINTER_WEIGHT,AUTUMN_WEIGHT,WINTER_PEAK,AUTUMN_PEAK,AUTUMN_ONSET,AUTUMN_GATE_SHARPNESS,WINTER_WIDTH,WINTER_RISE_WIDTH,WINTER_FALL_WIDTH,AUTUMN_WIDTH,AUTUMN_RISE_WIDTH,AUTUMN_FALL_WIDTH,SUMMER_DIP,SUMMER_LOW,SUMMER_WIDTH,SUMMER_RISE_WIDTH,SUMMER_FALL_WIDTH,SCALE,YEAR_END_WEIGHT,YEAR_END_PEAK,YEAR_END_WIDTH,YEAR_END_RISE_WIDTH,YEAR_END_FALL_WIDTH
2026-05-06 21:50:10,common_starling_observed.csv,0.8866450143812482931421722740,1.122,0.272,2.653,0.602,0.007,0.048,2.18,1.02,10.38,10.938,14.470,16.216,12.725,11.260,9.703,12.818,0.159,5.92,8.300,8.879,7.72,1.648,0.045,12.203,68.513,124.543,12.483
2026-05-06 21:50:10,common_starling_observed.csv,0.5901487833712109753389686587,0.988,3.932,5.583,0.717,0.21,0.046,1.56,11.4,11.4,7.697,16.076,14.556,17.597,7.248,1.461,13.034,0.127,6.4,5.912,11.235,0.588,1.183,0.113,12.088,115.034,221.805,8.264
2026-05-06 21:50:11,common_starling_observed.csv,0.9480450203619634013672517903,1.301,0.666,1.171,0.497,0.627,0.037,11.96,11.56,11.02,3.58,10.792,8.991,12.594,13.260,12.907,13.613,0.08,7.89,2.752,3.088,2.415,1.335,0.085,12.243,98.047,189.52,6.574
2026-05-06 21:50:11,common_starling_observed.csv,0.3551812797167574073985570778,0.783,1.674,2.545,0.511,0.206,0.05,1.85,1.46,11.38,10.441,11.132,16.414,5.851,5.817,7.184,4.45,0.195,6.92,5.016,4.621,5.412,1.255,0.276,12.013,54.620,101.359,7.881
2026-05-06 21:50:11,common_starling_observed.csv,0.5125439744050179240839383484,1.263,1.462,0.821,0.687,0.438,0.044,1.26,11.9,10.11,4.756,7.175,1.867,12.483,3.196,2.864,3.527,0.226,5.74,8.377,9.882,6.872,1.196,0.319,12.15,70.198,131.96,8.435
2026-05-06 21:50:12,common_starling_observed.csv,0.4883300962705216922062139829,0.985,3.084,1.455,0.47,0.099,0.016,1.27,11.68,9.94,2.318,9.410,14.854,3.966,3.643,3.192,4.094,0.191,6.6,6.298,3.038,9.557,1.591,0.287,12.235,106.880,200.775,12.985
2026-05-06 21:50:12,common_starling_observed.csv,1.439276280081707721200091543,0.965,2.995,4.705,0.451,0.281,0.014,2.05,11.8,10.62,8.654,6.500,5.292,7.709,5.522,8.714,2.329,0.097,6.07,10.966,11.864,10.067,0.948,0.034,12.206,50.192,94.237,6.146
2026-05-06 21:50:12,common_starling_observed.csv,0.6596983464443477597829232530,1.264,1.895,1.144,0.606,0.717,0.039,1.34,1.07,11.12,2.229,11.858,9.529,14.186,3.628,2.3,4.955,0.14,7.72,9.419,9.664,9.174,1.111,0.117,12.121,94.982,182.158,7.807
2026-05-06 21:50:12,common_starling_observed.csv,2.297392040863349833542162772,0.796,1.935,3.177,0.335,0.153,0.029,11.9,1.43,9.52,9.324,9.796,17.472,2.121,3.864,4.251,3.476,0.154,5.64,0.890,0.382,1.397,0.942,0.212,12.271,69.773,132.023,7.523
2026-05-06 21:50:13,common_starling_observed.csv,1.287649684190852886713333860,1.318,0.94,0.625,0.586,0.178,0.048,2.01,11.08,9.9,3.7,9.193,11.213,7.173,8.047,10.449,5.645,0.092,7.63,3.796,3.747,3.844,0.92,0.285,12.093,69.713,131.02,8.406
2026-05-06 21:50:13,common_starling_observed.csv,1.591251914389248526311967970,1.273,3.573,5.485,0.561,0.06,0.023,11.91,10.95,10.25,5.935,4.379,2.75,6.008,8.040,2.469,13.612,0.05,7.16,4.382,2.883,5.881,1.789,0.316,12.19,115.821,217.229,14.413
2026-05-06 21:50:13,common_starling_observed.csv,2.191471425213975400450810726,1.309,3.435,5.974,0.566,0.43,0.031,2.35,11.05,10.86,6.1,13.902,15.489,12.316,5.926,3.444,8.407,0.136,6.0,12.629,13.441,11.817,0.934,0.131,12.169,78.918,147.62,10.216
2026-05-06 21:50:14,common_starling_observed.csv,2.113640751361944607496622304,1.201,3.998,2.22,0.717,0.448,0.04,1.57,10.69,9.66,8.378,10.860,14.502,7.217,3.508,0.67,6.347,0.184,6.83,2.758,2.699,2.816,1.766,0.227,12.291,55.334,96.561,14.106
2026-05-06 21:50:14,common_starling_observed.csv,1.754503336081875098289469611,1.257,2.891,2.834,0.687,0.109,0.04,1.42,11.5,11.47,10.134,18.073,19.609,16.537,12.257,11.171,13.343,0.042,7.26,2.602,0.865,4.339,1.286,0.005,12.125,51.946,89.472,14.419
2026-05-06 21:50:14,common_starling_observed.csv,1.811496996263742402342088256,1.006,2.831,4.54,0.872,0.414,0.049,11.88,11.85,8.64,9.638,10.956,14.167,7.746,7.604,7.645,7.563,0.13,6.77,3.230,2.049,4.41,1.691,0.273,12.237,96.679,180.341,13.017
2026-05-06 21:50:15,common_starling_observed.csv,0.5431767326297623999586037735,1.095,1.059,4.4,0.723,0.139,0.037,1.99,10.72,9.81,2.799,9.330,9.239,9.422,7.011,11.934,2.088,0.151,6.31,2.236,2.862,1.61,1.681,0.202,12.281,82.608,157.732,7.483
2026-05-06 21:50:15,common_starling_observed.csv,1.072371969635552309457098180,1.342,1.146,2.024,0.875,0.182,0.024,1.06,10.68,8.36,10.08,5.472,6.204,4.740,9.038,6.023,12.052,0.195,7.2,8.124,2.743,13.505,0.928,0.058,12.195,96.346,188.684,4.007
2026-05-06 21:50:15,common_starling_observed.csv,0.7217101380343294030822746701,0.948,3.091,4.785,0.768,0.444,0.038,1.83,10.67,10.41,10.346,15.242,17.162,13.322,2.420,0.693,4.148,0.192,7.74,9.353,9.618,9.088,1.71,0.168,12.131,102.772,190.958,14.587
2026-05-06 21:50:15,common_starling_observed.csv,0.6988358934713022716292860114,0.897,3.525,4.225,0.514,0.578,0.047,1.44,1.17,10.02,10.754,9.725,6.548,12.902,2.574,4.326,0.822,0.179,5.78,5.601,2.296,8.906,1.029,0.164,12.077,86.176,159.951,12.402
2026-05-06 21:50:16,common_starling_observed.csv,1.383833412774657958658138219,1.126,1.507,5.312,0.795,0.612,0.037,2.11,1.39,9.18,9.104,11.683,9.887,13.479,8.413,10.567,6.259,0.056,6.99,8.898,11.618,6.177,0.984,0.097,12.159,87.858,161.121,14.595
2026-05-06 21:50:16,common_starling_observed.csv,1.933993142652333817451375704,1.069,2.8,5.186,0.457,0.046,0.042,2.2,1.49,9.54,5.822,7.048,0.831,13.266,6.524,10.404,2.643,0.15,5.81,8.997,5.315,12.679,1.092,0.224,12.137,119.037,223.275,14.799
2026-05-06 21:50:16,common_starling_observed.csv,2.903051052472383013505872572,0.794,2.145,3.858,0.716,0.663,0.045,11.87,11.66,10.42,10.689,9.424,5.597,13.25,11.365,12.819,9.911,0.129,8.01,10.850,9.531,12.168,1.505,0.033,12.191,79.543,145.129,13.957
2026-05-06 21:50:17,common_starling_observed.csv,0.9418947261976562148615029824,1.184,0.494,2.04,0.642,0.691,0.019,1.45,10.75,10.07,5.48,11.846,16.782,6.911,5.896,6.646,5.146,0.041,6.96,11.598,11.692,11.504,1.295,0.046,12.031,121.820,227.846,15.795
2026-05-06 21:50:17,common_starling_observed.csv,1.045873402923065095200106219,1.077,0.251,1.015,0.478,0.085,0.034,1.73,11.23,11.29,3.931,7.496,5.849,9.144,4.294,4.523,4.064,0.111,7.16,5.780,7.433,4.126,1.272,0.012,12.038,118.074,225.886,10.263
2026-05-06 21:50:17,common_starling_observed.csv,2.126967090651814534598988746,1.014,2.377,4.594,0.78,0.73,0.032,11.97,11.62,9.11,2.853,12.296,5.296,19.296,1.527,2.695,0.359,0.066,8.47,8.144,11.667,4.622,1.3,0.004,12.272,105.772,199.064,12.48
2026-05-06 21:50:18,common_starling_observed.csv,0.5397577818953343222388314038,0.974,2.294,2.567,0.789,0.191,0.005,1.03,11.08,9.97,2.112,13.660,10.546,16.775,3.790,5.361,2.22,0.118,6.01,8.330,12.498,4.162,1.59,0.193,12.248,86.262,159.046,13.477
2026-05-06 21:50:18,common_starling_observed.csv,0.9207277589423307822368705707,0.791,1.199,5.76,0.463,0.134,0.027,11.62,11.6,8.74,9.868,1.204,1.911,0.497,9.346,12.589,6.104,0.224,6.39,3.229,0.487,5.971,1.5,0.181,12.283,105.856,201.973,9.739
2026-05-06 21:50:18,common_starling_observed.csv,1.191176776046223060274846893,1.06,2.449,5.301,0.693,0.677,0.045,1.31,11.44,11.0,3.261,8.600,12.827,4.373,1.993,2.159,1.827,0.007,6.48,4.682,6.57,2.795,1.474,0.233,12.134,83.966,159.791,8.141
2026-05-06 21:50:18,common_starling_observed.csv,0.3601081459284518659797694177,1.336,3.781,4.205,0.702,0.201,0.034,1.93,11.6,9.53,4.131,10.914,14.559,7.268,4.786,4.752,4.819,0.202,7.64,7.996,7.113,8.880,1.696,0.115,12.237,65.067,121.415,8.719
2026-05-06 21:50:19,common_starling_observed.csv,0.9172680288749478752962023666,1.034,1.654,4.753,0.817,0.516,0.009,1.74,10.9,11.38,4.149,13.190,7.787,18.594,8.724,10.437,7.011,0.137,7.55,7.436,1.951,12.922,1.636,0.091,12.149,81.510,153.748,9.271
2026-05-06 21:50:19,common_starling_observed.csv,0.9643915483876465096537297885,1.349,3.582,1.89,0.797,0.612,0.049,1.65,1.29,11.08,10.346,9.406,16.645,2.168,6.032,0.604,11.46,0.175,7.33,4.180,7.273,1.086,0.804,0.197,12.183,75.996,145.392,6.599
2026-05-06 21:50:19,common_starling_observed.csv,0.5918817757117205929669319959,1.078,3.485,3.836,0.869,0.662,0.02,1.91,10.82,10.89,8.509,8.832,6.042,11.621,7.860,4.273,11.448,0.148,7.47,6.785,7.594,5.976,1.435,0.282,12.069,85.647,158.769,12.525
2026-05-06 21:50:20,common_starling_observed.csv,1.107618456994620405932692603,0.894,1.038,2.023,0.464,0.444,0.047,11.77,11.83,9.33,7.69,11.420,19.977,2.864,4.798,4.966,4.629,0.237,7.24,9.720,9.132,10.307,0.967,0.164,12.18,45.060,86.043,4.077
2026-05-06 21:50:20,common_starling_observed.csv,1.237620193948812083509406243,1.196,3.929,4.641,0.863,0.571,0.013,1.22,11.84,9.56,6.037,8.340,9.218,7.461,8.629,9.603,7.655,0.108,7.35,7.957,5.842,10.072,1.769,0.246,12.043,91.262,175.05,7.475
2026-05-06 21:50:20,common_starling_observed.csv,0.8803165332492682399467521794,0.803,2.066,0.62,0.346,0.237,0.043,2.32,1.24,10.49,10.158,7.461,2.6,12.322,12.442,13.201,11.683,0.163,7.86,10.142,12.158,8.127,1.585,0.16,12.201,49.304,85.673,12.935
2026-05-06 21:50:21,common_starling_observed.csv,2.342008006920390457429861676,1.238,3.215,5.312,0.578,0.123,0.049,2.42,10.7,11.03,2.665,11.978,12.104,11.851,3.470,0.804,6.136,0.058,6.85,12.981,12.211,13.751,1.264,0.088,12.259,115.085,221.454,8.716
2026-05-06 21:50:21,common_starling_observed.csv,0.4953557122663503002568470415,1.286,1.52,2.493,0.57,0.447,0.047,1.71,10.63,10.47,3.318,5.324,8.218,2.429,6.258,11.557,0.959,0.186,6.2,6.466,3.874,9.059,1.384,0.289,12.105,50.050,90.775,9.325
2026-05-06 21:50:21,common_starling_observed.csv,0.7522196155380149850934980534,1.203,2.602,4.272,0.725,0.732,0.039,1.58,11.44,9.0,5.906,6.457,10.153,2.761,6.012,6.291,5.734,0.226,5.89,5.571,5.515,5.627,1.445,0.139,12.063,108.866,203.492,14.239
2026-05-06 21:50:21,common_starling_observed.csv,0.8412312175577817466085887232,0.923,0.421,5.468,0.345,0.661,0.023,2.23,10.61,9.25,4.588,1.124,0.747,1.501,4.060,4.06,4.06,0.021,6.39,5.735,8.145,3.325,0.864,0.014,12.136,119.325,232.669,5.981
2026-05-06 21:50:22,common_starling_observed.csv,2.389398530845578168716858670,0.755,2.925,2.677,0.768,0.673,0.01,11.77,1.05,9.44,2.588,10.076,13.004,7.148,1.372,2.085,0.66,0.201,7.97,7.085,3.428,10.742,1.111,0.091,12.117,76.624,142.914,10.335
2026-05-06 21:50:22,common_starling_observed.csv,1.353839542486034768838410721,1.139,0.357,4.342,0.775,0.543,0.029,2.06,10.96,8.87,5.078,15.142,19.812,10.471,4.493,0.474,8.512,0.021,8.04,11.424,11.583,11.266,1.079,0.053,12.2,65.758,118.785,12.73
2026-05-06 21:50:22,common_starling_observed.csv,1.321619371578036130880262316,1.291,2.608,0.698,0.45,0.426,0.034,11.51,11.27,8.45,8.374,12.009,11.282,12.736,10.403,11.418,9.388,0.18,5.67,6.544,9.974,3.115,0.877,0.093,12.251,104.457,194.668,14.246
2026-05-06 21:50:23,common_starling_observed.csv,1.146391494482002154534450223,0.927,2.215,5.048,0.354,0.039,0.038,2.17,11.1,10.2,2.345,6.200,11.665,0.735,6.062,11.567,0.556,0.145,5.83,5.871,11.18,0.562,1.617,0.295,12.021,82.263,154.386,10.14
2026-05-06 21:50:23,common_starling_observed.csv,0.7654009797226608981992816936,1.063,0.906,4.849,0.705,0.713,0.043,1.98,11.22,9.06,10.12,12.127,4.414,19.84,9.635,8.33,10.94,0.111,8.46,6.534,9.672,3.395,1.147,0.326,12.156,111.574,214.449,8.699
2026-05-06 21:50:23,common_starling_observed.csv,0.4534753975693853779358623756,0.872,3.987,2.673,0.356,0.237,0.039,11.79,10.65,8.84,3.54,1.437,1.238,1.636,12.118,12.624,11.612,0.244,7.83,10.398,13.757,7.039,1.22,0.24,12.236,111.843,216.85,6.836
2026-05-06 21:50:24,common_starling_observed.csv,0.5418520734072358453393205626,1.108,1.384,5.897,0.697,0.172,0.036,1.47,1.49,10.17,5.804,13.372,10.864,15.88,2.082,2.278,1.886,0.151,8.47,3.448,1.844,5.053,1.621,0.215,12.067,65.552,116.184,14.919
2026-05-06 21:50:24,common_starling_observed.csv,0.5200743207049627533782755070,0.852,0.585,5.762,0.66,0.716,0.027,1.53,1.41,11.09,4.122,12.353,9.039,15.667,7.332,8.159,6.504,0.201,8.14,11.113,13.643,8.583,1.447,0.205,12.037,106.304,197.102,15.507
2026-05-06 21:50:24,common_starling_observed.csv,0.2654037834760681870828338285,0.86,1.651,1.25,0.834,0.083,0.03,1.08,1.36,10.97,2.483,18.704,17.714,19.693,11.600,11.694,11.506,0.192,5.82,9.198,8.662,9.733,1.171,0.024,12.1,98.186,186.766,9.607
2026-05-06 21:50:24,common_starling_observed.csv,0.9244197254855705837500794893,0.894,0.995,5.899,0.653,0.035,0.002,1.26,10.81,8.88,3.763,11.898,5.036,18.761,8.444,3.692,13.195,0.084,5.79,2.507,2.854,2.16,1.438,0.266,12.266,60.438,112.311,8.565
2026-05-06 21:50:25,common_starling_observed.csv,1.368030396738954443761233393,0.768,1.32,1.34,0.5,0.604,0.015,11.7,1.1,9.72,2.939,7.232,8.87,5.595,10.192,6.986,13.397,0.163,7.85,7.864,6.009,9.72,1.255,0.32,12.116,45.034,80.564,9.504
2026-05-06 21:50:25,common_starling_observed.csv,0.3539613901749175221030431797,0.828,3.567,2.1,0.389,0.073,0.03,1.7,1.3,10.05,8.345,18.522,17.565,19.479,6.782,5.114,8.449,0.18,7.56,7.312,5.283,9.342,1.527,0.212,12.055,88.906,167.586,10.225
2026-05-06 21:50:25,common_starling_observed.csv,0.4923106964793716468130763588,1.106,1.593,3.992,0.562,0.474,0.035,1.3,10.97,8.99,5.768,7.702,7.117,8.288,5.516,4.267,6.766,0.249,5.71,7.624,10.175,5.073,1.214,0.09,12.167,76.296,144.057,8.534
2026-05-06 21:50:26,common_starling_observed.csv,1.333226049454694040394245898,1.277,2.772,2.272,0.421,0.522,0.028,2.4,1.46,11.31,11.385,10.450,16.742,4.158,7.074,6.659,7.488,0.018,7.21,1.006,0.837,1.176,1.301,0.295,12.178,79.516,149.509,9.524
2026-05-06 21:50:26,common_starling_observed.csv,0.7857502451672504008985825145,1.146,2.588,5.718,0.438,0.293,0.011,2.42,1.31,10.24,9.138,5.057,6.757,3.357,4.876,0.874,8.879,0.171,8.12,7.236,11.992,2.48,1.449,0.196,12.241,100.848,193.139,8.558
2026-05-06 21:50:26,common_starling_observed.csv,2.774346733840549874959744655,1.245,3.249,5.983,0.486,0.092,0.006,11.63,1.14,11.16,5.044,10.938,7.785,14.091,5.950,10.663,1.238,0.069,6.39,4.308,4.687,3.930,1.208,0.191,12.261,72.420,133.499,11.341
2026-05-06 21:50:27,common_starling_observed.csv,2.374227966245505807884169291,1.089,1.409,1.774,0.376,0.14,0.003,11.75,1.46,10.17,4.066,12.491,13.717,11.265,5.283,5.5,5.066,0.068,7.28,5.602,4.225,6.98,0.892,0.014,12.089,109.623,208.359,10.887
2026-05-06 21:50:27,common_starling_observed.csv,2.428727118785012704469405508,0.859,1.916,5.16,0.891,0.353,0.023,2.47,11.05,8.69,2.006,12.630,14.851,10.408,4.880,8.933,0.826,0.036,5.9,8.964,9.097,8.831,1.375,0.142,12.162,53.102,95.293,10.911
2026-05-06 21:50:27,common_starling_observed.csv,1.865897838671260156294209858,1.049,1.421,2.32,0.821,0.57,0.038,2.39,11.64,10.45,10.643,13.332,15.729,10.934,7.786,12.886,2.686,0.008,7.14,7.298,6.337,8.258,1.182,0.2,12.008,74.812,145.586,4.038
2026-05-06 21:50:28,common_starling_observed.csv,1.346686193099295076563405902,1.273,2.017,5.668,0.621,0.721,0.037,1.48,11.3,10.93,5.009,11.677,3.46,19.894,4.189,2.783,5.595,0.059,5.58,6.934,13.45,0.417,0.846,0.316,12.162,78.534,150.155,6.914
2026-05-06 21:50:28,common_starling_observed.csv,1.523152191978432922841858272,1.342,3.888,5.155,0.728,0.217,0.007,2.08,11.9,8.33,11.788,14.256,13.748,14.764,5.030,0.36,9.7,0.071,5.52,8.018,2.246,13.79,1.425,0.007,12.238,96.992,183.776,10.207
2026-05-06 21:50:28,common_starling_observed.csv,1.311238878266541730762259222,0.811,3.23,5.837,0.349,0.289,0.026,1.48,10.95,10.86,3.433,2.572,2.933,2.21,11.179,9.3,13.058,0.057,7.44,8.450,7.991,8.910,0.837,0.207,12.191,119.332,233.945,4.72
2026-05-06 21:50:28,common_starling_observed.csv,3.240148737437659884570782283,1.341,1.973,5.384,0.576,0.066,0.008,11.58,10.83,9.46,5.562,16.854,15.679,18.03,12.562,12.449,12.676,0.003,6.89,7.885,12.946,2.824,1.435,0.143,12.066,111.080,209.327,12.832
2026-05-06 21:50:29,common_starling_observed.csv,0.6637578127762450618089045325,1.079,2.001,1.415,0.645,0.735,0.02,1.98,10.54,9.45,8.724,8.476,11.019,5.933,5.520,4.14,6.9,0.146,6.35,5.012,2.814,7.209,1.227,0.103,12.165,58.201,105.332,11.07
2026-05-06 21:50:29,common_starling_observed.csv,1.144144178843053171577922944,1.301,3.149,1.448,0.883,0.727,0.033,2.33,10.67,10.03,10.112,16.928,15.704,18.151,10.334,13.305,7.363,0.181,6.91,10.761,9.293,12.229,1.039,0.282,12.147,108.979,206.144,11.814
2026-05-06 21:50:29,common_starling_observed.csv,0.9328787568819653792051027080,0.782,0.933,1.608,0.86,0.523,0.004,1.67,11.31,8.26,11.585,9.441,15.636,3.246,11.503,13.406,9.6,0.162,7.69,2.335,2.444,2.226,1.409,0.148,12.165,117.680,225.612,9.747
2026-05-06 21:50:30,common_starling_observed.csv,2.835702221169771387641831655,1.32,3.549,4.976,0.871,0.12,0.034,11.51,1.4,8.69,5.501,1.616,1.471,1.760,3.085,4.963,1.207,0.03,6.57,3.194,2.973,3.414,0.816,0.026,12.044,102.472,192.353,12.592
2026-05-06 21:50:30,common_starling_observed.csv,0.7811269647375065846846902044,1.324,2.589,3.381,0.776,0.348,0.015,1.83,1.13,11.42,4.066,8.510,4.128,12.891,7.226,8.464,5.988,0.152,8.46,9.580,12.445,6.715,1.03,0.169,12.241,82.551,154.963,10.139
2026-05-06 21:50:30,common_starling_observed.csv,0.4810416266171547139564578011,0.776,3.207,4.715,0.861,0.729,0.036,1.48,11.54,10.33,7.373,14.010,15.859,12.160,2.456,1.889,3.023,0.161,7.3,11.605,12.221,10.989,1.364,0.315,12.088,53.774,100.235,7.314
2026-05-06 21:50:31,common_starling_observed.csv,1.219995246283709797133156947,0.901,0.435,2.191,0.453,0.648,0.034,1.38,11.38,8.83,7.505,6.268,6.218,6.319,10.011,11.298,8.724,0.194,6.26,2.378,2.74,2.015,1.525,0.182,12.05,113.612,220.445,6.778
2026-05-06 21:50:31,common_starling_observed.csv,1.087507094474304904334282617,1.019,1.277,1.233,0.619,0.402,0.008,11.81,11.93,10.56,7.329,14.466,11.839,17.094,9.034,8.357,9.712,0.071,5.84,3.100,5.447,0.754,1.122,0.178,12.117,54.432,101.515,7.349
2026-05-06 21:50:31,common_starling_observed.csv,2.964502850398943542015906097,1.186,3.347,2.301,0.753,0.747,0.001,11.88,10.71,8.73,7.884,13.323,7.718,18.928,8.470,8.471,8.47,0.004,8.43,3.868,2.992,4.744,0.831,0.289,12.195,111.381,206.791,15.971
2026-05-06 21:50:31,common_starling_observed.csv,0.9027424267792322290871733879,0.973,1.397,2.146,0.686,0.321,0.022,1.73,11.04,11.34,3.531,10.502,17.994,3.009,5.542,9.72,1.364,0.024,6.02,9.288,8.211,10.366,1.417,0.135,12.133,56.283,97.971,14.595
2026-05-06 21:50:32,common_starling_observed.csv,0.9777573441507615208284442188,1.271,0.569,2.631,0.507,0.285,0.037,1.17,11.48,8.65,5.069,3.534,3.905,3.164,13.440,13.928,12.952,0.163,8.42,9.814,7.68,11.949,1.181,0.148,12.132,53.170,92.718,13.621
2026-05-06 21:50:32,common_starling_observed.csv,0.5688311387952293322847028036,1.267,3.604,5.354,0.388,0.743,0.043,1.74,11.52,11.48,6.947,10.180,14.319,6.041,2.670,4.02,1.32,0.197,7.65,11.530,12.437,10.624,1.182,0.213,12.249,84.240,161.077,7.404
2026-05-06 21:50:32,common_starling_observed.csv,0.9570034737490013584398113436,1.341,1.238,3.066,0.497,0.527,0.031,2.03,10.63,11.35,4.242,12.805,11.056,14.554,6.536,8.548,4.525,0.089,7.97,7.449,1.467,13.431,1.342,0.235,12.088,45.872,81.603,10.142
2026-05-06 21:50:33,common_starling_observed.csv,0.9814010779545729361476960642,0.921,0.272,5.735,0.353,0.431,0.009,11.94,1.46,8.39,10.932,8.578,6.057,11.098,7.988,9.478,6.499,0.248,8.03,6.260,7.137,5.383,1.191,0.099,12.271,85.700,165.384,6.015
2026-05-06 21:50:33,common_starling_observed.csv,0.2912717639302286909253360411,0.877,2.82,4.689,0.79,0.042,0.021,1.68,11.48,8.83,7.669,7.656,8.28,7.032,6.214,5.674,6.754,0.17,8.31,12.607,11.833,13.381,1.215,0.104,12.172,49.143,87.422,10.864
2026-05-06 21:50:33,common_starling_observed.csv,2.005073649752215509120977145,1.068,1.797,0.85,0.758,0.704,0.033,1.3,10.52,9.44,4.96,18.874,17.749,20.000,12.915,11.830,14.000,0.017,6.83,6.602,2.275,10.929,1.793,0.274,12.216,99.020,190.605,7.434
2026-05-06 21:50:34,common_starling_observed.csv,1.870379186918038685492012077,1.126,3.994,2.746,0.37,0.586,0.033,2.47,10.76,10.42,5.784,17.659,17.884,17.434,11.939,11.88,11.998,0.157,6.63,11.860,13.416,10.305,0.911,0.047,12.151,92.060,178.36,5.76
2026-05-06 21:50:34,common_starling_observed.csv,0.7749277881597528737437654832,1.117,1.661,2.528,0.596,0.199,0.01,1.01,11.59,9.33,8.912,11.696,18.496,4.896,12.332,13.681,10.983,0.058,7.94,7.452,2.086,12.817,1.779,0.18,12.077,105.880,196.546,15.214
2026-05-06 21:50:34,common_starling_observed.csv,1.833307545589458313219954133,1.057,0.945,4.952,0.655,0.698,0.039,11.79,10.78,10.65,8.499,7.992,3.356,12.628,7.011,1.99,12.032,0.07,5.58,5.351,1.755,8.947,0.866,0.218,12.094,84.336,154.132,14.541
2026-05-06 21:50:34,common_starling_observed.csv,0.5649058561317791050311016672,1.269,1.404,0.982,0.832,0.614,0.036,1.17,10.82,10.59,4.419,15.022,17.862,12.182,3.811,5.337,2.285,0.244,6.87,9.974,13.556,6.393,1.297,0.318,12.054,114.161,222.827,5.495
2026-05-06 21:50:35,common_starling_observed.csv,1.347017967450724236190595745,1.333,1.325,1.83,0.357,0.106,0.018,1.57,11.58,8.49,10.79,1.970,1.988,1.952,9.551,9.452,9.65,0.019,6.83,7.652,7.121,8.183,1.416,0.287,12.059,112.924,210.244,15.604
2026-05-06 21:50:35,common_starling_observed.csv,0.8445806164357594670217488382,0.791,1.142,5.067,0.387,0.688,0.042,2.02,1.48,11.0,11.81,18.506,18.601,18.41,5.701,2.755,8.647,0.179,7.1,6.153,9.753,2.553,1.069,0.285,12.143,76.114,147.413,4.815
2026-05-06 21:50:35,common_starling_observed.csv,1.044643290255007262011940036,0.872,1.834,2.128,0.406,0.529,0.048,1.21,1.11,11.32,8.1,10.660,6.648,14.673,11.208,9.256,13.161,0.165,7.4,9.127,5.134,13.12,1.647,0.338,12.027,81.351,147.301,15.401
2026-05-06 21:50:36,common_starling_observed.csv,1.395352069405070755367435414,1.215,3.783,2.193,0.64,0.606,0.013,1.89,1.47,8.55,9.699,7.898,8.132,7.665,6.238,11.955,0.522,0.052,7.73,6.724,6.659,6.79,1.612,0.021,12.031,94.379,177.25,11.508
2026-05-06 21:50:36,common_starling_observed.csv,0.9303846269537547616847588958,0.888,1.025,3.562,0.62,0.284,0.021,1.91,11.97,11.25,6.854,14.889,10.532,19.246,6.413,10.907,1.919,0.013,6.84,4.982,5.299,4.666,1.135,0.252,12.116,96.820,183.985,9.656
2026-05-06 21:50:36,common_starling_observed.csv,0.4179562316650594800057286125,0.992,2.554,4.324,0.815,0.05,0.028,1.39,1.17,8.51,8.525,8.472,15.901,1.043,11.228,11.224,11.231,0.15,5.94,9.552,7.089,12.016,1.535,0.339,12.188,66.464,117.116,15.813
2026-05-06 21:50:37,common_starling_observed.csv,0.4086930964190406858416301007,0.862,0.654,0.907,0.835,0.23,0.002,1.44,11.15,9.48,9.146,9.972,2.149,17.796,7.416,2.788,12.043,0.116,6.91,8.887,8.148,9.626,1.66,0.11,12.073,114.050,221.455,6.645
2026-05-06 21:50:37,common_starling_observed.csv,0.4657780779260068887972334339,1.204,3.009,5.643,0.846,0.49,0.024,2.47,11.33,11.18,5.924,6.452,5.537,7.366,7.476,10.311,4.641,0.248,7.64,5.243,1.167,9.319,1.24,0.285,12.135,77.860,151.554,4.166
2026-05-06 21:50:37,common_starling_observed.csv,2.324046290353322161253349412,1.211,0.778,4.216,0.474,0.284,0.04,2.18,11.02,9.96,11.182,3.942,7.072,0.812,7.162,12.414,1.911,0.127,6.17,5.314,6.224,4.403,0.897,0.019,12.16,115.786,219.288,12.285
2026-05-06 21:50:38,common_starling_observed.csv,1.501583242290596123524446236,1.074,3.169,0.785,0.656,0.672,0.028,11.95,10.54,8.56,4.846,8.469,9.431,7.507,7.668,10.566,4.771,0.119,6.65,1.688,1.648,1.727,1.148,0.268,12.067,117.019,226.993,7.045
2026-05-06 21:50:38,common_starling_observed.csv,1.890319467612031472199784948,0.872,2.685,2.12,0.381,0.536,0.031,11.71,11.71,9.03,9.437,14.294,15.587,13.000,5.194,5.659,4.729,0.059,6.15,11.108,9.382,12.833,1.367,0.134,12.072,69.091,128.182,10.0
2026-05-06 21:50:38,common_starling_observed.csv,0.6909583152851014631276569366,0.906,3.024,5.246,0.335,0.628,0.043,1.61,11.27,8.65,7.267,9.488,2.697,16.278,7.612,12.807,2.418,0.198,5.8,8.150,2.686,13.613,1.241,0.165,12.265,114.687,214.975,14.399
2026-05-06 21:50:38,common_starling_observed.csv,0.4770830867985525782779613361,1.098,2.594,2.161,0.345,0.354,0.003,1.81,11.45,9.8,3.893,11.357,17.052,5.662,4.544,4.958,4.13,0.246,7.2,6.626,10.107,3.144,1.405,0.116,12.079,109.038,211.194,6.882
2026-05-06 21:50:39,common_starling_observed.csv,0.9846686682679222857717631351,1.124,3.323,2.993,0.711,0.657,0.031,1.84,10.99,8.29,4.132,14.171,15.335,13.007,6.762,6.854,6.67,0.038,6.42,6.614,6.156,7.072,1.634,0.063,12.282,123.576,234.653,12.498
2026-05-06 21:50:39,common_starling_observed.csv,0.3938122191810579319376390491,0.964,0.578,4.006,0.637,0.239,0.021,1.4,10.7,9.23,5.048,9.498,10.096,8.901,11.098,10.548,11.649,0.245,5.59,12.511,11.698,13.324,1.186,0.344,12.183,87.276,163.566,10.986
2026-05-06 21:50:39,common_starling_observed.csv,2.015753945051609873571014730,1.262,2.77,4.437,0.665,0.105,0.021,2.33,1.23,8.81,2.416,9.550,14.148,4.952,4.474,5.77,3.179,0.046,6.99,4.352,5.299,3.404,1.295,0.266,12.274,85.812,160.988,10.637
2026-05-06 21:50:40,common_starling_observed.csv,0.7568351230866682271657139061,0.985,3.069,1.791,0.765,0.014,0.0,1.3,11.92,11.41,10.761,7.664,7.568,7.76,8.506,8.177,8.836,0.081,7.5,5.284,1.294,9.274,1.347,0.001,12.215,83.880,157.95,9.811
2026-05-06 21:50:40,common_starling_observed.csv,1.082473278998842938466071061,0.787,2.163,1.789,0.499,0.674,0.041,2.1,11.96,10.07,8.871,8.531,10.157,6.905,11.556,9.34,13.773,0.117,6.08,4.371,4.707,4.035,1.037,0.26,12.062,80.550,147.356,13.745
2026-05-06 21:50:40,common_starling_observed.csv,1.828724368533713921693082903,1.263,1.043,1.993,0.803,0.125,0.042,1.55,1.38,11.23,8.982,16.304,14.338,18.271,2.033,2.541,1.525,0.066,5.94,10.484,13.012,7.955,0.942,0.025,12.287,113.667,212.849,14.485
2026-05-06 21:50:41,common_starling_observed.csv,1.430185720807452549304993027,1.2,0.459,4.023,0.853,0.557,0.02,1.26,1.39,9.44,6.327,10.118,2.574,17.662,7.937,7.646,8.228,0.193,7.15,10.692,13.628,7.756,1.574,0.178,12.006,50.374,90.282,10.466
2026-05-06 21:50:41,common_starling_observed.csv,0.6419704189750432442785289323,1.029,3.014,3.129,0.713,0.55,0.022,2.38,11.03,9.13,9.212,7.932,5.022,10.842,3.510,0.633,6.387,0.109,7.47,4.166,0.967,7.366,1.508,0.007,12.073,118.388,224.564,12.213
2026-05-06 21:50:41,common_starling_observed.csv,1.079869245170254387468292381,1.139,3.472,4.354,0.88,0.527,0.012,1.97,1.08,8.73,6.33,16.318,13.41,19.227,2.712,5.06,0.364,0.159,7.31,8.412,6.751,10.073,0.895,0.224,12.093,62.562,119.478,5.645
2026-05-06 21:50:41,common_starling_observed.csv,0.2911376094553220702128934751,1.048,2.044,5.036,0.796,0.255,0.001,1.65,11.16,10.7,5.664,10.496,19.988,1.003,1.476,0.463,2.489,0.233,7.22,11.103,13.615,8.591,0.998,0.127,12.046,111.218,217.932,4.504
2026-05-06 21:50:42,common_starling_observed.csv,1.049495985557185315501725342,1.014,1.437,2.641,0.485,0.137,0.046,2.13,11.71,9.48,3.576,12.308,13.151,11.465,3.347,3.370,3.324,0.2,6.31,5.864,7.379,4.348,1.147,0.049,12.171,123.052,237.212,8.892
2026-05-06 21:50:42,common_starling_observed.csv,0.5619698457752198253072032411,0.862,3.174,5.602,0.649,0.125,0.03,2.11,11.27,10.83,10.267,11.792,17.24,6.345,3.442,1.714,5.17,0.18,8.39,5.673,10.776,0.57,1.629,0.182,12.164,96.599,187.929,5.269
2026-05-06 21:50:42,common_starling_observed.csv,1.232291987870680267822140521,1.205,0.876,4.028,0.437,0.476,0.021,2.18,1.24,10.44,11.367,12.992,6.962,19.023,8.450,4.94,11.96,0.024,7.9,10.290,9.469,11.111,1.345,0.257,12.062,108.406,207.013,9.799
2026-05-06 21:50:43,common_starling_observed.csv,4.141184016771473732882951721,0.781,2.596,5.354,0.844,0.567,0.047,11.74,11.35,10.4,9.988,13.543,14.344,12.742,3.464,3.836,3.091,0.115,6.6,7.890,6.715,9.065,1.614,0.07,12.054,62.550,119.509,5.592
2026-05-06 21:50:43,common_starling_observed.csv,0.8137925076477431939439196615,1.229,0.724,0.901,0.434,0.18,0.016,1.95,10.72,10.9,5.244,11.679,15.058,8.3,10.606,10.691,10.522,0.094,6.85,6.594,8.72,4.467,1.432,0.156,12.021,50.517,96.644,4.39
2026-05-06 21:50:43,common_starling_observed.csv,0.7634819464696989543050996730,0.926,0.77,2.205,0.581,0.307,0.042,1.04,1.17,10.88,5.86,6.911,5.658,8.164,6.256,8.437,4.074,0.176,5.71,6.016,0.743,11.29,0.977,0.184,12.033,107.266,200.9,13.633
2026-05-06 21:50:44,common_starling_observed.csv,0.7804700752629758050408565514,0.889,2.092,4.937,0.887,0.244,0.044,2.32,11.38,8.41,10.167,13.724,18.619,8.829,10.724,12.371,9.078,0.131,7.86,8.714,8.622,8.807,1.239,0.168,12.009,96.469,186.58,6.358
2026-05-06 21:50:44,common_starling_observed.csv,2.354189841998672932905415227,1.089,0.525,5.599,0.33,0.043,0.0,1.18,1.15,8.68,5.173,14.226,11.486,16.965,10.069,11.107,9.031,0.194,6.0,11.454,13.783,9.124,1.013,0.301,12.101,51.344,89.82,12.867
2026-05-06 21:50:44,common_starling_observed.csv,0.8052994344753313839619129482,1.049,2.815,3.688,0.611,0.259,0.044,1.13,11.69,8.4,6.729,15.856,13.605,18.106,9.103,8.722,9.484,0.053,7.66,6.462,7.149,5.774,1.542,0.247,12.151,69.265,126.736,11.794
2026-05-06 21:50:44,common_starling_observed.csv,0.5513241873163899469068571378,1.145,2.164,1.446,0.772,0.1,0.006,1.43,1.32,10.5,4.077,7.179,2.318,12.04,11.429,12.617,10.241,0.173,7.98,6.926,11.868,1.984,1.573,0.145,12.029,78.131,149.494,6.768
2026-05-06 21:50:45,common_starling_observed.csv,0.9632841926940557709144163292,1.262,2.794,5.362,0.835,0.366,0.042,1.89,1.14,11.03,5.952,1.748,2.623,0.872,8.063,12.432,3.694,0.05,8.17,5.069,5.477,4.661,1.534,0.127,12.154,67.536,129.672,5.401
2026-05-06 21:50:45,common_starling_observed.csv,1.120084386462876065538434216,1.233,2.762,2.397,0.347,0.239,0.001,1.75,1.32,10.78,3.201,11.132,15.581,6.682,8.280,11.6,4.961,0.023,5.79,10.039,6.91,13.168,1.614,0.217,12.225,65.556,126.84,4.273
2026-05-06 21:50:45,common_starling_observed.csv,1.824970962229412035567218138,1.025,3.559,5.86,0.829,0.335,0.029,1.2,11.3,10.59,5.877,9.510,16.494,2.525,9.608,6.771,12.446,0.078,7.03,5.314,4.626,6.001,1.706,0.048,12.176,103.607,200.881,6.333
2026-05-06 21:50:46,common_starling_observed.csv,0.9152704928903479142413836209,1.009,3.133,4.609,0.773,0.134,0.028,2.34,11.48,10.62,7.167,12.885,14.597,11.173,6.655,6.201,7.109,0.019,6.22,1.612,1.472,1.751,1.766,0.144,12.128,67.952,123.005,12.898
2026-05-06 21:50:46,common_starling_observed.csv,0.5722668061874043155486900657,1.069,3.779,1.919,0.538,0.079,0.047,1.27,11.98,11.12,6.305,16.294,14.42,18.167,6.928,9.325,4.532,0.199,6.2,4.972,7.769,2.175,1.421,0.045,12.293,120.098,225.757,14.439
2026-05-06 21:50:46,common_starling_observed.csv,0.9336392999826387546391708411,1.044,3.28,4.267,0.533,0.291,0.017,11.75,11.71,9.39,2.135,6.499,3.087,9.911,7.245,5.695,8.795,0.18,6.99,5.905,7.65,4.16,1.512,0.147,12.078,58.258,108.671,7.846
2026-05-06 21:50:47,common_starling_observed.csv,1.705148113553111583546692259,0.846,2.949,5.269,0.745,0.065,0.02,1.17,10.94,8.53,4.809,15.888,18.347,13.429,13.105,13.880,12.330,0.114,6.54,6.842,8.369,5.316,1.663,0.054,12.15,127.274,239.374,15.174
2026-05-06 21:50:47,common_starling_observed.csv,0.8916875292181435253150670255,1.228,2.797,4.436,0.743,0.241,0.045,11.67,10.76,10.06,6.672,17.077,15.564,18.590,6.702,5.77,7.634,0.195,8.34,6.754,5.331,8.176,1.539,0.311,12.167,94.628,177.235,12.022
2026-05-06 21:50:47,common_starling_observed.csv,1.519918331172426936518433704,1.224,1.017,4.875,0.83,0.744,0.013,1.73,11.66,11.23,2.119,9.904,2.466,17.341,9.756,9.95,9.563,0.038,8.3,6.676,9.525,3.828,1.642,0.191,12.264,51.604,91.662,11.545
2026-05-06 21:50:47,common_starling_observed.csv,1.606590868754976896291526865,1.164,1.324,5.956,0.369,0.284,0.047,1.23,1.5,9.92,11.054,10.312,12.182,8.443,3.488,4.752,2.223,0.039,7.25,12.256,12.718,11.793,1.314,0.081,12.094,82.390,156.22,8.56
2026-05-06 21:50:48,common_starling_observed.csv,1.902692460854128062642153280,0.933,2.308,1.563,0.808,0.604,0.021,2.28,11.72,9.03,10.596,3.199,5.628,0.77,11.624,13.311,9.938,0.135,6.58,9.058,13.123,4.994,0.865,0.01,12.083,99.464,185.41,13.517
2026-05-06 21:50:48,common_starling_observed.csv,0.9331742424704944967745225781,0.949,0.946,3.777,0.863,0.14,0.023,11.96,1.42,11.39,3.918,11.728,5.356,18.1,2.912,3.541,2.284,0.141,7.35,3.752,5.237,2.268,0.964,0.146,12.263,75.525,143.237,7.813
2026-05-06 21:50:48,common_starling_observed.csv,0.7894939596037945228727287650,1.065,0.827,2.449,0.515,0.569,0.041,1.36,11.8,11.18,4.919,13.839,18.638,9.04,1.102,1.163,1.041,0.141,5.77,8.214,5.365,11.064,0.988,0.061,12.237,76.124,141.033,11.216
2026-05-06 21:50:49,common_starling_observed.csv,1.057697542273004934201725907,0.906,0.657,4.024,0.681,0.466,0.005,11.56,11.83,10.52,10.697,8.096,1.85,14.343,7.172,1.79,12.555,0.097,8.11,1.433,1.484,1.382,1.202,0.172,12.151,98.828,184.939,12.717
2026-05-06 21:50:49,common_starling_observed.csv,3.182502099995333637734813642,0.955,1.735,2.356,0.697,0.716,0.004,11.84,1.37,9.3,5.506,13.957,11.503,16.411,1.830,1.601,2.058,0.058,5.96,8.012,9.22,6.803,0.885,0.312,12.103,89.493,168.432,10.554
2026-05-06 21:50:49,common_starling_observed.csv,0.7493964425721635446055474876,0.913,2.88,1.511,0.527,0.014,0.022,2.0,11.59,11.25,11.322,8.892,11.946,5.837,5.319,7.337,3.301,0.185,5.7,7.712,11.936,3.489,1.145,0.163,12.114,89.998,175.695,4.302
2026-05-06 21:50:50,common_starling_observed.csv,3.027166665445366669996878964,1.137,2.949,1.035,0.789,0.643,0.049,11.54,11.17,11.45,5.498,10.282,10.308,10.256,6.323,5.912,6.734,0.136,6.82,8.940,6.16,11.72,1.573,0.176,12.032,65.466,114.963,15.97
2026-05-06 21:50:50,common_starling_observed.csv,0.9564305879057310081424169121,1.094,1.684,2.051,0.429,0.169,0.03,2.01,10.95,9.5,11.166,12.867,16.39,9.344,7.462,13.24,1.684,0.232,5.94,7.715,9.931,5.499,1.148,0.156,12.092,91.027,169.787,12.267
2026-05-06 21:50:50,common_starling_observed.csv,0.6691620267691262878107728321,1.188,2.568,1.881,0.68,0.62,0.035,1.04,10.74,8.35,3.544,1.302,1.411,1.192,10.698,11.275,10.12,0.213,7.89,8.518,7.217,9.819,1.493,0.336,12.19,60.012,111.629,8.396
2026-05-06 21:50:51,common_starling_observed.csv,1.286801239035314218004248135,1.296,1.423,2.304,0.505,0.617,0.018,1.49,11.81,10.74,3.698,8.905,14.463,3.347,7.158,13.49,0.827,0.001,8.46,10.487,13.409,7.565,0.988,0.021,12.173,91.064,173.674,8.454
2026-05-06 21:50:51,common_starling_observed.csv,0.7645059733960498763828693831,0.998,1.032,1.817,0.456,0.493,0.031,1.21,1.15,8.51,11.374,11.627,8.519,14.735,11.379,10.983,11.775,0.224,5.69,4.434,2.921,5.946,1.331,0.265,12.028,81.952,157.511,6.392
2026-05-06 21:50:51,common_starling_observed.csv,3.368451611032115773368808907,1.026,2.827,2.338,0.421,0.606,0.02,11.61,11.49,11.49,7.128,12.563,19.202,5.924,7.998,12.619,3.376,0.013,6.56,8.519,11.596,5.442,1.774,0.11,12.051,87.358,169.277,5.44
2026-05-06 21:50:51,common_starling_observed.csv,0.9100646022840330444233810978,1.045,0.609,3.199,0.429,0.318,0.018,11.58,11.98,11.39,4.966,3.106,3.635,2.576,12.708,12.513,12.902,0.185,6.55,2.776,1.115,4.437,1.323,0.067,12.026,113.824,219.735,7.914
2026-05-06 21:50:52,common_starling_observed.csv,0.8983331830854411241143168840,1.145,2.494,2.388,0.531,0.106,0.008,11.72,11.55,8.45,7.845,14.986,17.734,12.237,9.922,10.997,8.848,0.174,7.12,6.282,1.156,11.407,1.382,0.288,12.197,67.600,122.523,12.677
2026-05-06 21:50:52,common_starling_observed.csv,0.7717684304953397353578218695,1.244,2.918,0.72,0.525,0.596,0.024,2.19,11.87,9.82,9.656,11.744,10.908,12.579,7.552,2.016,13.089,0.077,7.46,6.824,10.549,3.098,1.467,0.326,12.286,88.434,168.175,8.693
2026-05-06 21:50:52,common_starling_observed.csv,1.008601696333100877241610160,0.916,0.38,1.366,0.424,0.424,0.001,11.61,11.25,8.31,6.83,9.719,17.656,1.782,1.533,1.632,1.434,0.178,6.05,12.058,12.102,12.015,1.108,0.107,12.245,71.236,135.487,6.985
2026-05-06 21:50:53,common_starling_observed.csv,0.7681909277146069457504891318,0.779,2.922,4.662,0.349,0.063,0.009,2.16,11.43,10.3,7.254,16.292,16.837,15.748,6.397,7.085,5.709,0.142,8.34,9.442,10.142,8.742,1.587,0.02,12.202,122.798,232.036,13.561
2026-05-06 21:50:53,common_starling_observed.csv,0.7242099099268420580412918101,1.139,0.449,0.863,0.849,0.58,0.042,1.0,11.46,11.5,2.738,12.236,5.392,19.081,5.829,3.055,8.603,0.095,7.8,2.266,3.092,1.44,1.115,0.122,12.1,116.558,224.187,8.929
2026-05-06 21:50:53,common_starling_observed.csv,2.996602021423148929353483023,1.157,3.029,3.364,0.856,0.643,0.002,11.67,11.67,10.59,8.759,10.380,7.753,13.007,10.510,11.317,9.703,0.025,6.28,8.816,9.033,8.6,1.086,0.117,12.028,62.088,116.823,7.352
2026-05-06 21:50:54,common_starling_observed.csv,0.5471665094745118268727080522,0.922,3.652,2.366,0.771,0.506,0.045,2.01,11.79,9.08,4.006,0.904,1.255,0.552,10.484,11.424,9.545,0.238,5.99,1.199,1.415,0.983,1.165,0.236,12.202,92.218,170.726,13.709
2026-05-06 21:50:54,common_starling_observed.csv,0.8507812898016462722179918830,0.954,0.543,1.458,0.82,0.232,0.04,2.38,11.13,9.58,9.142,9.259,4.164,14.354,8.164,10.486,5.842,0.191,5.56,7.466,13.554,1.377,1.45,0.296,12.255,50.164,85.905,14.424
2026-05-06 21:50:54,common_starling_observed.csv,2.050752820621789125185167459,0.943,0.939,5.81,0.858,0.679,0.03,2.06,11.97,9.76,2.099,7.464,8.755,6.172,7.422,5.699,9.144,0.026,8.24,8.318,12.212,4.424,1.102,0.037,12.224,48.243,85.622,10.864
2026-05-06 21:50:54,common_starling_observed.csv,0.7264735249710546652114699511,0.768,2.599,0.782,0.784,0.274,0.011,1.72,10.78,10.19,8.701,14.524,13.977,15.072,8.066,9.012,7.12,0.054,6.41,6.140,8.315,3.965,1.337,0.038,12.121,83.633,153.839,13.427
2026-05-06 21:50:55,common_starling_observed.csv,2.696728339730567312760176220,1.097,1.23,5.651,0.589,0.233,0.019,11.63,11.96,10.75,3.86,14.018,11.271,16.765,2.492,2.957,2.026,0.157,7.4,6.869,13.343,0.395,0.826,0.125,12.114,96.417,176.891,15.943
2026-05-06 21:50:55,common_starling_observed.csv,1.179768355278139188513597000,1.063,1.61,3.422,0.756,0.339,0.008,11.57,10.69,9.17,6.109,9.227,1.998,16.456,5.738,1.884,9.591,0.129,6.67,11.286,9.62,12.953,1.187,0.163,12.093,84.632,156.231,13.033
2026-05-06 21:50:55,common_starling_observed.csv,0.7867795521204921097263855475,1.256,3.849,2.935,0.863,0.674,0.036,1.64,10.62,8.72,5.332,18.036,16.555,19.518,4.644,1.881,7.407,0.124,8.16,8.127,13.463,2.791,0.999,0.339,12.274,115.400,225.656,5.143
2026-05-06 21:50:56,common_starling_observed.csv,2.304623730262300452474575354,1.321,0.995,3.467,0.548,0.301,0.006,2.41,11.32,10.09,3.211,10.012,2.303,17.72,6.204,6.849,5.559,0.001,7.93,6.840,11.666,2.015,0.914,0.277,12.091,70.516,133.029,8.004
2026-05-06 21:50:56,common_starling_observed.csv,1.188010330707771568569347401,1.345,1.92,3.396,0.615,0.602,0.047,11.61,1.23,11.29,6.854,13.187,15.279,11.095,8.126,11.375,4.877,0.242,7.73,5.659,1.245,10.073,1.293,0.172,12.175,69.960,134.181,5.739
2026-05-06 21:50:56,common_starling_observed.csv,0.5277731198383972521450265430,1.011,2.162,1.776,0.459,0.609,0.036,2.4,11.03,10.98,8.012,11.298,19.824,2.772,5.485,6.642,4.328,0.112,7.53,7.376,2.173,12.578,1.487,0.128,12.029,63.374,110.893,15.856
2026-05-06 21:50:57,common_starling_observed.csv,2.301266823450897298703363763,1.069,1.486,5.797,0.898,0.699,0.05,2.29,10.68,11.46,9.963,16.124,17.452,14.797,2.422,2.728,2.117,0.073,6.93,6.959,1.163,12.755,0.977,0.178,12.036,78.632,152.982,4.282
2026-05-06 21:50:57,common_starling_observed.csv,3.695647780562587871480626834,1.041,2.944,3.727,0.747,0.71,0.005,11.7,11.92,8.42,6.846,11.735,14.742,8.728,8.444,12.37,4.519,0.005,6.84,12.962,11.924,14.000,1.067,0.307,12.192,99.539,190.681,8.397
2026-05-06 21:50:57,common_starling_observed.csv,0.4730833996843749706002724990,1.178,2.374,5.517,0.661,0.374,0.023,1.75,10.72,9.69,6.055,5.888,9.746,2.029,5.488,2.573,8.404,0.139,6.5,8.026,8.988,7.064,1.504,0.176,12.039,68.138,129.222,7.054
2026-05-06 21:50:57,common_starling_observed.csv,2.630299447541694646435307102,0.775,0.687,1.175,0.637,0.572,0.019,2.28,10.84,8.33,10.521,9.448,18.044,0.853,10.576,13.24,7.911,0.074,6.77,10.178,12.048,8.307,1.128,0.034,12.279,89.956,171.755,8.157
2026-05-06 21:50:58,common_starling_observed.csv,0.7124895417562827534858461134,1.294,2.843,4.444,0.768,0.662,0.03,1.77,11.21,9.48,3.541,16.116,16.514,15.718,1.106,0.59,1.622,0.244,5.84,7.007,6.069,7.945,1.483,0.147,12.179,78.549,152.474,4.624
2026-05-06 21:50:58,common_starling_observed.csv,3.152174914504570016394301087,0.807,2.485,0.975,0.454,0.315,0.043,11.73,11.44,8.3,9.409,9.022,5.858,12.187,0.994,0.930,1.059,0.243,7.62,9.750,6.581,12.919,1.704,0.154,12.008,111.582,213.142,10.022
2026-05-06 21:50:58,common_starling_observed.csv,1.916309197360869571950568603,1.279,1.131,5.232,0.748,0.739,0.005,11.82,1.4,9.36,4.565,5.126,7.365,2.887,8.192,11.444,4.94,0.102,8.06,6.708,12.982,0.434,1.781,0.061,12.016,74.495,135.76,13.23
2026-05-06 21:50:59,common_starling_observed.csv,2.587801846606619123232622333,1.257,3.696,4.594,0.618,0.509,0.001,11.88,1.14,9.8,11.375,13.067,12.866,13.268,10.396,10.197,10.595,0.123,5.52,5.874,2.4,9.349,0.868,0.013,12.123,88.779,166.584,10.974
2026-05-06 21:50:59,common_starling_observed.csv,1.010565899976092020225957165,0.833,0.959,4.06,0.513,0.429,0.044,1.63,11.57,10.28,8.261,18.002,17.271,18.732,11.534,9.658,13.411,0.018,5.91,12.539,11.73,13.348,1.28,0.342,12.185,116.162,219.21,13.113
2026-05-06 21:50:59,common_starling_observed.csv,0.9397973024749848526045899014,0.849,3.253,3.107,0.579,0.111,0.027,1.71,11.39,9.35,11.063,6.156,9.489,2.822,7.567,4.747,10.387,0.105,8.27,5.600,9.956,1.243,0.957,0.264,12.135,62.196,117.294,7.097
2026-05-06 21:51:00,common_starling_observed.csv,3.277127915925057965779618143,1.284,1.098,5.789,0.497,0.234,0.027,11.98,11.71,10.98,8.309,16.239,18.412,14.066,5.270,1.269,9.27,0.09,7.46,6.287,5.782,6.792,0.882,0.046,12.178,54.239,93.674,14.804
2026-05-06 21:51:00,common_starling_observed.csv,1.087135076963954700843007330,1.301,2.712,0.664,0.733,0.004,0.028,11.67,11.78,8.82,3.962,11.122,7.315,14.93,9.152,13.577,4.727,0.139,7.76,12.625,14.000,11.250,1.006,0.174,12.225,103.396,195.541,11.251
2026-05-06 21:51:00,common_starling_observed.csv,1.223804992890126054502989600,1.31,3.275,4.65,0.346,0.626,0.03,1.52,10.65,10.5,6.359,11.904,7.054,16.755,6.975,5.536,8.414,0.066,6.17,9.784,11.306,8.261,1.042,0.169,12.19,90.678,175.173,6.183
2026-05-06 21:51:01,common_starling_observed.csv,1.225959144027631175798306402,0.774,0.874,1.551,0.395,0.355,0.028,1.34,11.26,9.08,4.771,14.014,10.81,17.219,2.416,2.245,2.587,0.22,7.38,7.230,11.069,3.392,1.565,0.161,12.064,47.910,88.487,7.334
2026-05-06 21:51:01,common_starling_observed.csv,2.218337509710290299651704948,0.997,3.011,2.982,0.731,0.47,0.031,11.73,11.14,11.4,9.278,7.754,5.801,9.706,4.436,2.797,6.076,0.011,6.78,6.878,7.255,6.502,1.184,0.182,12.185,91.623,177.72,5.526
2026-05-06 21:51:01,common_starling_observed.csv,0.5564297782045751542294658860,1.172,1.537,1.687,0.563,0.595,0.013,1.97,11.04,9.42,8.668,10.595,4.296,16.894,3.796,1.447,6.144,0.249,5.82,4.085,2.054,6.116,1.072,0.241,12.23,120.963,233.255,8.671
2026-05-06 21:51:01,common_starling_observed.csv,1.056872996928294671117108327,0.942,3.365,5.067,0.621,0.4,0.0,2.16,11.72,9.41,4.964,10.804,3.367,18.24,9.888,7.61,12.166,0.242,7.35,8.876,10.944,6.809,1.765,0.308,12.249,103.099,200.004,6.194
2026-05-06 21:51:02,common_starling_observed.csv,0.9560060524021343345065161534,1.026,3.189,1.035,0.845,0.439,0.022,1.43,11.78,9.41,2.546,7.768,7.005,8.532,3.638,3.192,4.085,0.198,5.85,7.036,9.318,4.755,1.782,0.227,12.126,109.650,212.919,6.382
2026-05-06 21:51:02,common_starling_observed.csv,0.5722056951465924429463039549,0.997,2.848,0.632,0.422,0.197,0.049,1.53,10.83,10.95,7.087,15.621,17.387,13.855,9.625,7.557,11.693,0.215,5.66,12.988,13.383,12.592,1.39,0.164,12.101,100.548,191.583,9.514
2026-05-06 21:51:02,common_starling_observed.csv,2.176146973779166494296511514,1.208,3.66,3.287,0.497,0.258,0.004,2.0,1.2,9.96,7.683,13.680,9.084,18.275,12.062,10.627,13.497,0.077,7.52,12.593,14.000,11.186,0.86,0.176,12.16,64.908,119.859,9.958
2026-05-06 21:51:03,common_starling_observed.csv,0.5431945479263514120796830073,1.139,3.581,3.577,0.639,0.427,0.035,1.01,11.91,8.4,4.041,12.738,13.411,12.064,4.184,1.816,6.551,0.239,8.12,6.176,6.576,5.776,1.002,0.077,12.014,115.258,225.185,5.332
2026-05-06 21:51:03,common_starling_observed.csv,1.640809931595776413807931831,1.1,1.547,5.949,0.371,0.275,0.015,1.41,11.43,8.49,7.204,10.586,9.411,11.761,4.248,5.122,3.373,0.166,7.76,6.290,9.807,2.774,0.968,0.203,12.251,117.964,226.011,9.916
2026-05-06 21:51:03,common_starling_observed.csv,1.040136126720153297686211782,0.842,1.595,3.434,0.736,0.223,0.048,1.18,11.9,10.36,4.25,9.863,10.485,9.241,12.203,12.516,11.890,0.046,7.7,4.714,3.153,6.274,0.841,0.01,12.153,54.983,103.573,6.393
2026-05-06 21:51:04,common_starling_observed.csv,0.8876538053312682381021908619,0.88,1.972,1.731,0.717,0.733,0.014,1.82,10.52,10.58,4.987,7.128,7.782,6.475,3.086,4.959,1.214,0.178,7.18,7.778,9.316,6.241,1.797,0.338,12.157,55.018,105.814,4.222
2026-05-06 21:51:04,common_starling_observed.csv,0.9388363262187310528494182142,1.097,3.255,2.828,0.35,0.184,0.041,2.45,11.19,10.55,4.383,14.499,12.239,16.759,8.037,12.502,3.572,0.151,6.09,5.561,1.642,9.48,1.449,0.265,12.105,115.916,225.824,6.007
2026-05-06 21:51:04,common_starling_observed.csv,1.724990038997960218662287409,0.849,0.283,1.418,0.529,0.107,0.013,1.69,11.73,8.89,2.89,9.802,8.978,10.625,5.487,8.942,2.032,0.059,6.84,7.403,7.820,6.986,0.89,0.031,12.206,45.038,81.123,8.954
2026-05-06 21:51:04,common_starling_observed.csv,0.8785798495778805940011242572,1.014,3.489,1.822,0.692,0.716,0.034,2.35,11.93,9.19,8.871,12.120,15.409,8.832,2.744,2.566,2.923,0.115,5.92,8.023,13.651,2.395,1.48,0.166,12.094,64.054,121.037,7.071
2026-05-06 21:51:05,common_starling_observed.csv,0.6164018744236596548447385109,0.919,1.826,3.649,0.746,0.589,0.039,2.09,11.24,10.16,6.28,13.951,14.571,13.331,0.869,0.702,1.036,0.132,6.36,6.414,2.586,10.241,1.417,0.299,12.28,65.002,119.781,10.222
2026-05-06 21:51:05,common_starling_observed.csv,0.8148497899289139522410594958,1.309,0.897,5.665,0.403,0.506,0.041,1.54,10.57,11.41,10.012,14.164,17.989,10.34,4.841,3.472,6.21,0.103,5.64,9.775,11.377,8.173,1.625,0.113,12.259,120.118,234.66,5.575
2026-05-06 21:51:05,common_starling_observed.csv,0.9979196810494791586157593746,0.921,0.815,2.823,0.627,0.675,0.014,2.01,11.41,10.46,6.933,18.668,20.000,17.337,7.267,3.449,11.085,0.02,7.56,5.408,0.544,10.271,1.769,0.154,12.209,111.110,218.009,4.212
2026-05-06 21:51:06,common_starling_observed.csv,0.7026992314608786555382143178,0.92,1.97,4.119,0.382,0.242,0.04,1.8,11.68,9.79,9.682,15.315,13.051,17.579,8.160,9.868,6.451,0.222,8.18,7.263,5.851,8.675,1.159,0.249,12.166,119.824,224.172,15.477
2026-05-06 21:51:06,common_starling_observed.csv,0.9859703340572476292471119604,1.3,3.34,3.334,0.853,0.25,0.012,1.56,1.5,10.66,6.109,12.126,5.322,18.929,6.689,10.52,2.858,0.033,5.69,2.626,1.393,3.858,1.551,0.298,12.209,120.952,232.501,9.402
2026-05-06 21:51:06,common_starling_observed.csv,1.090952286999018112917155482,1.081,2.205,1.21,0.816,0.11,0.014,1.78,11.08,11.36,10.768,9.054,2.128,15.981,1.372,1.157,1.587,0.22,6.09,1.936,2.013,1.858,1.644,0.067,12.276,115.368,216.115,14.622
2026-05-06 21:51:07,common_starling_observed.csv,1.952341870802274702879767063,1.288,0.848,1.896,0.659,0.033,0.043,1.34,1.31,10.76,10.159,3.827,4.399,3.255,7.790,8.579,7.001,0.048,5.59,8.632,3.445,13.82,1.095,0.198,12.119,86.124,160.932,11.315
2026-05-06 21:51:07,common_starling_observed.csv,1.248982084088387834267746029,1.053,2.786,0.638,0.528,0.06,0.048,11.84,11.61,9.25,9.008,3.345,3.351,3.339,8.164,7.441,8.887,0.094,8.01,7.985,4.211,11.759,0.908,0.095,12.068,122.772,239.039,6.504
2026-05-06 21:51:07,common_starling_observed.csv,0.8153331216509728068835803557,0.944,2.715,3.411,0.445,0.001,0.006,2.38,11.77,8.35,10.919,7.260,6.249,8.27,9.219,6.933,11.505,0.241,8.46,9.680,8.17,11.191,1.307,0.152,12.037,87.243,161.431,13.055
2026-05-06 21:51:07,common_starling_observed.csv,0.6057429141710964219379925348,0.878,0.278,1.477,0.381,0.341,0.036,1.1,11.91,8.44,10.595,10.795,13.347,8.243,4.976,7.774,2.178,0.218,7.82,9.514,12.089,6.938,1.223,0.228,12.046,46.286,86.783,5.788
2026-05-06 21:51:08,common_starling_observed.csv,1.020915063675421405854444992,1.176,0.718,0.71,0.643,0.47,0.038,11.73,11.08,9.2,5.449,9.446,15.793,3.098,5.169,5.266,5.072,0.021,6.88,13.238,14.000,12.477,1.459,0.327,12.053,59.783,110.062,9.504
2026-05-06 21:51:08,common_starling_observed.csv,2.287829250020187075910499326,0.981,2.694,4.707,0.579,0.666,0.018,11.9,11.79,11.04,7.279,17.789,18.234,17.344,11.803,12.221,11.385,0.194,8.02,5.580,5.652,5.507,1.092,0.319,12.051,67.614,127.533,7.696
2026-05-06 21:51:08,common_starling_observed.csv,0.6129974731776495564156613172,0.929,3.712,3.608,0.507,0.453,0.01,1.61,11.85,9.88,9.959,7.032,10.698,3.366,7.420,8.637,6.202,0.13,6.42,2.148,2.423,1.874,1.048,0.165,12.191,42.360,80.113,4.606
2026-05-06 21:51:09,common_starling_observed.csv,0.8197430062455449728840567939,0.928,3.32,4.047,0.573,0.356,0.032,2.06,11.69,8.51,11.79,12.183,13.417,10.949,6.670,11.509,1.832,0.069,6.48,2.707,4.519,0.895,1.154,0.35,12.023,49.709,93.215,6.203
2026-05-06 21:51:09,common_starling_observed.csv,1.345547545224796578395805928,0.9,0.566,4.731,0.895,0.701,0.011,1.33,10.96,9.85,4.202,7.012,1.013,13.01,12.869,12.005,13.733,0.036,7.89,8.317,4.909,11.725,1.615,0.174,12.091,113.918,218.887,8.948
2026-05-06 21:51:09,common_starling_observed.csv,0.8565562692963017218127552149,1.013,0.288,1.036,0.354,0.262,0.043,1.85,11.34,9.87,6.587,12.958,6.566,19.351,3.733,6.973,0.493,0.234,5.65,4.270,6.888,1.652,1.645,0.33,12.173,122.263,234.434,10.092
2026-05-06 21:51:10,common_starling_observed.csv,0.5607439650007201709155102319,0.916,1.75,1.162,0.758,0.707,0.043,2.48,11.09,9.48,9.701,8.946,2.701,15.192,3.574,0.752,6.397,0.123,6.0,4.956,6.746,3.166,1.471,0.278,12.011,73.281,136.717,9.845
2026-05-06 21:51:10,common_starling_observed.csv,1.597820691305491711076677677,1.051,2.631,3.129,0.717,0.001,0.006,11.68,1.08,11.06,10.293,7.078,6.443,7.712,9.508,6.771,12.246,0.087,6.25,9.358,6.924,11.793,1.227,0.015,12.141,49.048,90.783,7.314
2026-05-06 21:51:10,common_starling_observed.csv,0.9864327940550902346165343346,0.828,1.12,3.904,0.502,0.127,0.025,1.69,11.6,10.63,11.356,15.134,12.471,17.798,6.346,2.813,9.879,0.121,6.74,5.750,10.913,0.587,1.116,0.307,12.188,78.984,142.647,15.321
