TIMESTAMP,OBSERVED,SCORE,INITIAL_Y,GROWTH_RATE,DECAY_RATE,BASELINE,WINTER_WEIGHT,AUTUMN_WEIGHT,WINTER_PEAK,AUTUMN_PEAK,AUTUMN_ONSET,AUTUMN_GATE_SHARPNESS,WINTER_WIDTH,WINTER_RISE_WIDTH,WINTER_FALL_WIDTH,AUTUMN_WIDTH,AUTUMN_RISE_WIDTH,AUTUMN_FALL_WIDTH,SUMMER_DIP,SUMMER_LOW,SUMMER_WIDTH,SUMMER_RISE_WIDTH,SUMMER_FALL_WIDTH,SCALE
2026-05-06 10:44:01,dunnock_observed.csv,0.8965869930520105957017952966,0.727,1.865,3.225,0.318,0.598,0.311,4.13,11.07,9.27,2.789,7.576,11.438,3.713,6.189,6.464,5.914,0.216,9.73,9.892,12.322,7.463,1.195
2026-05-06 10:44:01,dunnock_observed.csv,2.455714985870054301753293607,0.797,2.148,4.788,0.392,0.077,0.339,2.74,11.82,8.72,4.304,13.766,17.457,10.076,5.822,8.97,2.673,0.013,8.56,7.540,12.517,2.563,1.007
2026-05-06 10:44:01,dunnock_observed.csv,2.385360183511010595519944220,0.65,0.975,2.334,0.073,0.57,0.129,3.66,11.41,10.2,1.271,13.614,17.718,9.511,3.908,0.721,7.094,0.001,9.49,4.748,7.437,2.058,0.842
2026-05-06 10:44:02,dunnock_observed.csv,0.8480906403114856734925260975,0.701,0.568,3.544,0.353,0.298,0.292,2.98,11.33,7.97,4.466,13.422,7.279,19.566,9.719,10.185,9.253,0.098,10.1,13.094,13.905,12.283,1.335
2026-05-06 10:44:02,dunnock_observed.csv,2.154833170994426736537275810,1.016,2.037,1.101,0.093,0.249,0.144,1.89,1.14,9.7,7.372,13.514,16.996,10.032,10.822,10.275,11.37,0.012,8.19,8.838,6.09,11.587,0.85
2026-05-06 10:44:02,dunnock_observed.csv,1.947448226025379788006256705,1.103,2.593,4.8,0.35,0.049,0.095,4.07,1.45,7.3,3.351,7.000,10.392,3.609,11.300,11.208,11.391,0.227,8.73,6.742,12.499,0.986,0.997
2026-05-06 10:44:02,dunnock_observed.csv,0.9049369960826966700825620958,0.984,3.918,3.321,0.167,0.653,0.406,2.64,11.96,9.87,1.496,11.782,5.16,18.405,12.806,13.551,12.060,0.157,8.64,3.600,2.846,4.353,1.201
2026-05-06 10:44:03,dunnock_observed.csv,1.353954210311589273677331487,0.991,1.003,2.099,0.316,0.189,0.21,3.26,11.01,8.52,1.612,6.163,5.031,7.295,1.156,1.228,1.083,0.039,8.82,12.652,13.038,12.266,1.39
2026-05-06 10:44:03,dunnock_observed.csv,1.201416340312662076993365889,0.688,2.473,3.04,0.367,0.529,0.085,3.94,10.68,10.31,4.792,5.208,5.029,5.388,4.086,5.491,2.682,0.123,8.77,9.770,12.017,7.523,1.025
2026-05-06 10:44:03,dunnock_observed.csv,0.6527499815045975062059500310,0.597,0.642,2.092,0.342,0.633,0.077,2.75,1.33,7.18,3.901,8.596,10.927,6.266,5.138,5.461,4.815,0.179,9.77,7.061,5.083,9.039,1.756
2026-05-06 10:44:04,dunnock_observed.csv,1.458526364597373493152666446,0.854,0.792,3.016,0.176,0.62,0.147,3.2,11.66,10.8,2.288,12.230,7.49,16.971,7.768,10.334,5.203,0.159,7.64,12.176,10.43,13.923,0.88
2026-05-06 10:44:04,dunnock_observed.csv,2.173594023890342167361100515,0.533,1.047,3.379,0.167,0.57,0.127,2.25,11.6,8.08,4.72,10.149,2.771,17.527,6.148,8.4,3.895,0.05,7.67,2.406,2.899,1.914,1.602
2026-05-06 10:44:04,dunnock_observed.csv,0.8354461029445657082031157500,0.896,1.417,2.846,0.291,0.432,0.194,1.79,11.65,7.58,0.999,15.178,15.817,14.540,8.133,10.383,5.883,0.211,9.36,5.072,5.568,4.577,1.136
2026-05-06 10:44:05,dunnock_observed.csv,1.477402165049463022649839157,1.065,0.678,0.6,0.085,0.524,0.317,4.2,1.01,10.09,4.245,16.041,14.995,17.087,6.868,9.072,4.665,0.122,9.94,10.492,10.757,10.227,1.755
2026-05-06 10:44:05,dunnock_observed.csv,1.886601348771090759440357547,0.986,1.065,3.917,0.243,0.264,0.251,2.06,1.35,9.66,1.823,16.277,17.529,15.025,10.528,12.001,9.055,0.079,9.51,9.861,11.156,8.566,1.103
2026-05-06 10:44:05,dunnock_observed.csv,1.464542865952791136825130714,0.553,2.864,4.135,0.051,0.513,0.134,1.82,1.48,7.23,6.838,9.026,0.993,17.06,8.536,11.894,5.177,0.044,9.59,5.872,3.54,8.204,0.959
2026-05-06 10:44:06,dunnock_observed.csv,1.257030826359617594390645647,0.748,3.453,0.81,0.157,0.417,0.23,2.22,10.85,9.91,3.381,8.372,7.147,9.597,7.338,6.911,7.765,0.003,8.57,6.436,2.622,10.25,0.834
2026-05-06 10:44:06,dunnock_observed.csv,2.445984217335163343644141782,0.779,3.664,3.747,0.446,0.291,0.26,1.9,10.77,9.22,6.252,4.698,6.077,3.32,4.086,0.971,7.201,0.152,8.66,4.922,0.549,9.294,1.744
2026-05-06 10:44:06,dunnock_observed.csv,0.7690974849294885662066438879,0.584,1.927,3.516,0.39,0.307,0.401,2.74,11.85,10.57,6.907,13.276,12.78,13.772,10.607,11.425,9.789,0.078,7.79,7.621,8.143,7.099,1.703
2026-05-06 10:44:06,dunnock_observed.csv,1.047250136020719592782279322,0.796,3.835,1.98,0.082,0.678,0.002,4.14,11.96,9.12,6.948,7.819,2.494,13.144,12.447,13.562,11.332,0.088,7.51,1.077,1.045,1.109,1.12
2026-05-06 10:44:07,dunnock_observed.csv,2.235300344719471995628769158,1.077,0.554,4.9,0.088,0.419,0.14,4.36,1.09,6.71,3.555,14.933,12.233,17.633,6.322,0.596,12.047,0.24,10.28,9.008,11.379,6.638,1.329
2026-05-06 10:44:07,dunnock_observed.csv,0.5083407339391280286764788154,0.558,2.066,3.846,0.37,0.017,0.079,4.38,11.17,9.27,4.366,6.904,2.342,11.466,6.025,6.595,5.455,0.184,7.59,8.421,6.18,10.662,1.227
2026-05-06 10:44:07,dunnock_observed.csv,0.5367650294065803913166736685,0.641,0.549,5.121,0.383,0.109,0.318,4.16,1.43,7.39,2.348,7.924,2.042,13.805,7.340,2.968,11.713,0.138,9.58,3.411,6.093,0.729,1.67
2026-05-06 10:44:08,dunnock_observed.csv,0.6857496534104874767792361990,1.052,2.212,4.356,0.379,0.284,0.137,2.26,10.59,10.68,7.611,8.432,12.055,4.808,10.844,12.243,9.445,0.217,7.75,6.905,8.329,5.481,1.366
2026-05-06 10:44:08,dunnock_observed.csv,0.8151641270840477701766778361,0.768,2.651,3.154,0.339,0.741,0.432,2.52,1.28,8.47,6.447,2.442,2.751,2.132,3.754,6.248,1.26,0.17,7.53,2.936,4.698,1.175,0.856
2026-05-06 10:44:08,dunnock_observed.csv,1.834848559373894061329447282,0.656,2.662,2.205,0.161,0.637,0.181,4.45,11.08,11.11,3.023,13.094,9.629,16.558,6.221,6.668,5.774,0.045,9.99,8.722,3.794,13.651,0.969
2026-05-06 10:44:09,dunnock_observed.csv,0.6973749465613484221458462609,0.989,2.921,2.416,0.416,0.636,0.4,4.28,11.85,11.01,6.814,7.065,0.367,13.763,5.256,5.774,4.737,0.108,8.91,8.191,3.105,13.277,0.931
2026-05-06 10:44:09,dunnock_observed.csv,1.570891963908836183402656252,0.915,3.953,3.772,0.415,0.409,0.292,2.13,11.6,8.14,4.374,10.143,5.107,15.179,8.004,6.796,9.211,0.024,10.14,2.878,1.327,4.429,1.427
2026-05-06 10:44:09,dunnock_observed.csv,0.7331835323187257893851420249,0.958,0.74,1.845,0.225,0.273,0.35,3.15,10.91,6.77,6.422,9.500,2.059,16.94,10.068,8.573,11.564,0.172,7.59,10.642,11.721,9.562,1.362
2026-05-06 10:44:09,dunnock_observed.csv,0.7567541272824969714764593214,0.603,0.87,2.792,0.384,0.721,0.422,3.28,10.51,10.57,6.868,10.378,10.211,10.546,8.062,7.065,9.06,0.226,8.15,9.574,8.177,10.972,1.192
2026-05-06 10:44:10,dunnock_observed.csv,0.6967949311679653195470735147,1.051,0.658,3.914,0.249,0.279,0.398,2.19,11.49,7.18,6.016,13.504,16.785,10.224,11.266,13.158,9.374,0.238,8.2,8.372,8.894,7.849,1.562
2026-05-06 10:44:10,dunnock_observed.csv,0.8784608087415100887318175840,1.102,3.829,2.94,0.442,0.04,0.269,3.64,11.83,10.62,1.453,4.004,2.394,5.615,3.969,5.65,2.288,0.148,8.82,7.412,6.765,8.058,1.502
2026-05-06 10:44:10,dunnock_observed.csv,1.382878094390580769890380245,0.894,0.311,0.82,0.288,0.324,0.237,1.9,11.59,8.28,0.655,11.535,19.688,3.382,4.207,1.86,6.554,0.01,8.15,6.465,3.021,9.909,1.553
2026-05-06 10:44:11,dunnock_observed.csv,1.275007160641899859831904760,1.109,3.595,0.704,0.258,0.619,0.348,1.87,10.71,9.33,3.446,17.123,19.220,15.026,6.231,2.106,10.356,0.019,9.45,6.648,2.224,11.072,0.837
2026-05-06 10:44:11,dunnock_observed.csv,1.686166885159011235825520445,1.114,2.536,1.44,0.303,0.061,0.061,2.05,11.07,8.93,7.555,17.943,16.919,18.967,7.085,0.67,13.5,0.171,7.89,9.504,13.185,5.823,0.941
2026-05-06 10:44:11,dunnock_observed.csv,0.6914053682079485912000612518,0.622,3.021,0.605,0.402,0.23,0.078,2.88,11.4,9.66,6.441,7.508,11.893,3.123,6.008,6.744,5.272,0.027,9.06,6.108,3.63,8.585,0.847
2026-05-06 10:44:12,dunnock_observed.csv,1.142408040123940265914254383,1.037,2.186,0.84,0.384,0.161,0.257,2.81,10.73,8.14,3.776,10.472,7.991,12.952,8.422,8.789,8.056,0.115,9.69,7.799,11.147,4.451,1.528
2026-05-06 10:44:12,dunnock_observed.csv,1.454904173220494913900577407,0.714,2.009,5.844,0.373,0.318,0.123,3.74,10.87,6.67,4.925,9.598,5.905,13.29,8.176,5.147,11.204,0.07,8.61,2.788,3.077,2.499,1.07
2026-05-06 10:44:12,dunnock_observed.csv,1.330599955520462607000184189,0.535,3.521,3.594,0.327,0.528,0.116,2.8,11.47,8.31,4.173,13.976,14.115,13.837,3.822,4.23,3.414,0.05,8.65,4.569,2.094,7.044,1.455
2026-05-06 10:44:12,dunnock_observed.csv,0.9356730020955160254800212497,0.884,0.666,5.926,0.236,0.553,0.141,1.86,1.39,7.93,7.548,18.767,17.534,20.000,7.842,5.842,9.841,0.213,9.4,9.214,6.386,12.043,1.185
2026-05-06 10:44:13,dunnock_observed.csv,1.970524442142635391649233295,0.916,3.424,5.283,0.386,0.262,0.321,2.79,11.47,7.13,7.051,14.090,18.76,9.42,8.256,3.995,12.518,0.026,9.36,1.210,1.009,1.412,1.281
2026-05-06 10:44:13,dunnock_observed.csv,1.029436013559304088288518916,0.577,2.912,3.331,0.35,0.391,0.153,1.58,10.55,6.77,2.614,9.200,14.632,3.769,8.408,3.155,13.66,0.105,8.97,8.045,11.77,4.32,1.061
2026-05-06 10:44:13,dunnock_observed.csv,1.545427818362739394959596335,0.959,2.14,3.323,0.239,0.505,0.081,1.55,11.01,10.02,6.221,8.775,7.478,10.072,10.226,6.633,13.82,0.088,9.42,7.248,3.404,11.092,1.467
2026-05-06 10:44:14,dunnock_observed.csv,2.451820413725742935429375108,0.905,1.295,4.482,0.112,0.554,0.159,3.64,11.38,8.74,6.424,13.425,19.262,7.588,6.266,0.867,11.664,0.032,8.1,4.726,4.669,4.784,1.016
2026-05-06 10:44:14,dunnock_observed.csv,2.131479708495924359284191977,0.937,2.365,4.927,0.141,0.064,0.447,4.33,10.77,10.89,1.917,10.896,11.479,10.312,7.687,11.824,3.55,0.051,9.65,7.141,6.101,8.181,1.46
2026-05-06 10:44:14,dunnock_observed.csv,0.7243720741449964636823333284,0.707,3.805,0.809,0.4,0.147,0.127,2.31,11.51,8.97,0.797,11.216,3.06,19.372,9.270,6.177,12.364,0.228,9.54,8.794,8.148,9.441,1.281
2026-05-06 10:44:14,dunnock_observed.csv,0.6668767963308461802010216675,0.664,1.785,3.795,0.145,0.071,0.366,4.21,1.04,9.62,0.57,8.056,13.558,2.555,10.674,9.757,11.592,0.205,10.32,6.998,7.54,6.455,1.771
2026-05-06 10:44:15,dunnock_observed.csv,1.687737687891635043905951094,0.953,1.414,5.963,0.094,0.206,0.265,2.76,11.97,10.2,1.383,10.794,19.844,1.744,1.882,1.990,1.774,0.242,8.11,5.755,5.393,6.117,1.386
2026-05-06 10:44:15,dunnock_observed.csv,0.4331874180231819014027091250,0.752,3.683,1.421,0.359,0.693,0.311,3.47,10.87,7.54,4.836,11.554,14.286,8.822,9.324,5.582,13.066,0.248,8.99,4.588,4.131,5.045,1.573
2026-05-06 10:44:15,dunnock_observed.csv,1.815721211938493432599828217,0.896,3.674,3.326,0.452,0.027,0.023,3.79,11.09,9.25,4.498,2.928,2.857,2.999,10.944,9.351,12.537,0.058,8.6,12.750,13.651,11.85,1.269
2026-05-06 10:44:16,dunnock_observed.csv,2.727212945943699635703401139,1.115,3.337,3.801,0.172,0.191,0.155,3.48,1.3,7.91,1.365,13.244,13.928,12.561,9.220,8.97,9.47,0.055,9.59,1.928,1.737,2.119,1.029
2026-05-06 10:44:16,dunnock_observed.csv,0.7743786271258927823062271169,0.579,3.91,1.524,0.289,0.284,0.108,4.31,11.65,8.34,2.05,14.874,16.159,13.589,1.530,1.598,1.462,0.001,7.57,5.131,8.127,2.135,1.463
2026-05-06 10:44:16,dunnock_observed.csv,1.557931931101274554924681515,0.776,0.3,2.987,0.135,0.632,0.254,4.48,11.8,8.96,5.744,11.106,3.626,18.585,3.706,6.993,0.419,0.04,9.27,2.340,3.132,1.547,1.168
2026-05-06 10:44:17,dunnock_observed.csv,1.246193113440129332877273581,0.924,2.431,4.476,0.102,0.472,0.014,2.68,10.81,8.23,2.393,11.360,3.349,19.371,4.600,3.17,6.029,0.069,9.98,7.748,2.547,12.95,1.766
2026-05-06 10:44:17,dunnock_observed.csv,0.6024841438294457030560455104,0.988,1.804,1.549,0.399,0.629,0.262,3.13,10.74,11.2,0.645,10.534,8.945,12.124,6.056,9.74,2.372,0.136,8.95,10.842,10.995,10.69,1.151
2026-05-06 10:44:17,dunnock_observed.csv,0.9188063660481224426426624087,0.599,0.426,2.43,0.341,0.71,0.299,2.97,11.43,8.33,7.954,13.505,16.479,10.531,9.026,9.246,8.806,0.037,7.57,5.198,9.026,1.369,1.356
2026-05-06 10:44:17,dunnock_observed.csv,0.7363815593419499329851053403,1.032,1.291,3.415,0.374,0.264,0.444,2.24,10.73,10.26,1.8,7.430,13.761,1.1,2.297,2.548,2.046,0.193,9.82,3.981,6.16,1.802,1.222
2026-05-06 10:44:18,dunnock_observed.csv,2.006117024290892195675076357,1.063,0.655,3.011,0.198,0.202,0.172,3.2,11.56,7.73,0.709,8.980,14.644,3.315,9.970,13.877,6.062,0.149,9.59,7.777,11.229,4.325,0.976
2026-05-06 10:44:18,dunnock_observed.csv,0.7390864727669971475004672070,1.117,1.796,1.651,0.255,0.374,0.024,3.8,11.61,6.6,7.892,19.160,18.320,20.000,5.908,6.230,5.587,0.207,8.89,8.306,4.438,12.175,1.638
2026-05-06 10:44:18,dunnock_observed.csv,1.454207889496887313749803001,1.027,0.937,1.312,0.055,0.281,0.45,1.93,11.07,7.63,2.052,4.246,3.197,5.295,10.776,12.082,9.469,0.102,8.81,11.076,11.884,10.267,1.704
2026-05-06 10:44:19,dunnock_observed.csv,0.5366661562415740969319386793,0.788,3.346,5.151,0.451,0.307,0.349,3.69,1.28,10.09,1.036,13.572,12.174,14.97,6.187,2.799,9.575,0.119,7.85,7.504,7.474,7.534,1.606
2026-05-06 10:44:19,dunnock_observed.csv,1.986542941322850108690625512,0.907,3.19,3.503,0.1,0.514,0.315,4.38,1.15,10.44,3.507,7.770,11.095,4.445,8.396,9.381,7.411,0.248,10.24,2.069,3.655,0.483,1.051
2026-05-06 10:44:19,dunnock_observed.csv,1.214188262846712692962036171,0.864,0.933,3.024,0.174,0.295,0.314,1.93,11.37,7.48,4.457,8.923,8.261,9.585,12.342,12.192,12.491,0.114,10.37,11.192,11.212,11.171,1.492
2026-05-06 10:44:20,dunnock_observed.csv,0.5834335904100532655613889621,0.787,2.904,1.74,0.456,0.038,0.117,3.35,11.89,8.9,3.587,9.441,9.07,9.812,12.604,12.941,12.268,0.147,8.56,9.699,10.851,8.547,1.395
2026-05-06 10:44:20,dunnock_observed.csv,0.8180788130400259681788939053,0.597,1.368,1.789,0.099,0.388,0.221,2.35,11.05,10.07,7.555,3.390,4.482,2.297,7.515,10.939,4.091,0.159,9.45,5.906,1.17,10.642,0.937
2026-05-06 10:44:20,dunnock_observed.csv,1.290495501636143848861770255,0.844,1.86,5.932,0.381,0.575,0.088,1.97,11.91,10.88,6.813,14.386,16.271,12.5,5.537,8.125,2.949,0.087,10.01,4.683,8.436,0.93,1.51
2026-05-06 10:44:21,dunnock_observed.csv,0.8130426655299493734984835694,0.576,2.227,1.03,0.263,0.191,0.45,2.01,10.77,8.63,2.198,8.428,15.004,1.853,7.479,1.919,13.039,0.062,8.41,7.710,10.603,4.817,1.267
2026-05-06 10:44:21,dunnock_observed.csv,0.9384638501494145964371948367,0.875,2.557,5.19,0.162,0.681,0.248,4.09,11.2,10.42,0.891,9.356,17.326,1.387,8.628,10.674,6.583,0.225,10.08,7.288,8.151,6.425,1.416
2026-05-06 10:44:21,dunnock_observed.csv,1.876337534046288706753924409,0.784,3.352,3.017,0.434,0.617,0.212,1.66,11.0,9.86,5.641,15.008,14.242,15.774,3.226,1.91,4.542,0.039,7.78,6.774,10.646,2.901,1.48
2026-05-06 10:44:21,dunnock_observed.csv,2.039685408014134258090502999,1.07,0.801,4.256,0.363,0.431,0.05,3.75,10.63,9.62,7.394,2.834,3.100,2.567,2.340,2.255,2.426,0.123,10.02,5.157,7.831,2.483,0.814
2026-05-06 10:44:22,dunnock_observed.csv,1.070238405097050775793540030,0.797,0.918,0.517,0.452,0.054,0.099,4.5,10.94,11.13,5.762,12.188,13.002,11.375,9.890,9.374,10.406,0.079,7.79,7.433,11.706,3.16,1.388
2026-05-06 10:44:22,dunnock_observed.csv,0.7705868007929702528588855021,0.601,1.003,1.387,0.289,0.351,0.373,3.27,11.48,9.21,4.732,12.524,14.035,11.012,6.180,6.612,5.748,0.116,8.14,2.814,1.416,4.212,1.337
2026-05-06 10:44:22,dunnock_observed.csv,1.781424160485837220603184317,0.808,3.262,5.472,0.182,0.491,0.268,2.04,10.55,9.23,6.519,8.870,1.161,16.58,9.523,7.897,11.149,0.006,7.85,4.036,5.162,2.909,1.37
2026-05-06 10:44:23,dunnock_observed.csv,1.938289165664912936200533291,0.682,2.343,3.421,0.405,0.373,0.195,2.42,11.05,8.91,5.835,10.435,2.642,18.228,10.825,7.654,13.996,0.227,9.37,2.691,3.995,1.387,1.654
2026-05-06 10:44:23,dunnock_observed.csv,1.759957640715628706066979985,0.854,2.287,0.755,0.052,0.472,0.267,1.6,1.01,8.57,4.301,16.590,15.76,17.42,10.790,12.87,8.71,0.16,9.88,5.642,4.289,6.996,1.441
2026-05-06 10:44:23,dunnock_observed.csv,1.272329745460872894213079068,1.011,3.451,4.138,0.085,0.569,0.272,1.77,11.75,10.87,7.9,5.883,6.917,4.849,12.008,12.853,11.164,0.174,7.58,4.956,3.328,6.583,1.259
2026-05-06 10:44:24,dunnock_observed.csv,2.014042933369882013515327445,0.936,3.501,5.106,0.104,0.015,0.052,2.68,11.0,9.78,6.018,15.760,14.616,16.904,6.390,6.632,6.149,0.108,8.78,12.024,12.019,12.029,1.398
2026-05-06 10:44:24,dunnock_observed.csv,2.892566430127259377821483112,0.901,2.107,3.157,0.076,0.034,0.21,4.43,11.1,10.25,3.007,10.980,12.558,9.403,7.044,7.777,6.312,0.04,9.4,1.577,1.691,1.463,0.943
2026-05-06 10:44:24,dunnock_observed.csv,1.612172872641366505815256109,0.656,2.892,1.264,0.384,0.185,0.391,2.03,11.13,10.33,7.34,9.857,12.258,7.456,9.864,7.365,12.363,0.094,7.6,5.614,0.973,10.256,1.782
2026-05-06 10:44:25,dunnock_observed.csv,2.089310639512750647878358383,1.004,1.27,1.295,0.44,0.454,0.448,2.14,11.98,7.14,6.199,7.490,11.272,3.707,12.396,13.944,10.849,0.155,8.63,10.524,8.199,12.849,1.727
2026-05-06 10:44:25,dunnock_observed.csv,1.410161987004649118229120000,0.791,2.789,5.817,0.354,0.005,0.185,2.78,11.59,9.21,1.328,5.693,4.499,6.887,6.520,2.485,10.555,0.078,8.99,3.754,2.042,5.465,1.728
2026-05-06 10:44:25,dunnock_observed.csv,2.749814409326200406011999100,0.632,1.615,4.229,0.14,0.209,0.027,2.83,11.9,10.61,5.016,14.492,10.4,18.583,6.228,5.013,7.444,0.036,8.33,7.361,7.913,6.809,0.833
2026-05-06 10:44:25,dunnock_observed.csv,1.269678002477162169015534261,0.544,1.736,1.846,0.402,0.426,0.161,1.95,1.01,8.11,2.464,3.414,4.24,2.589,8.370,9.359,7.382,0.1,8.06,9.742,8.766,10.717,1.608
2026-05-06 10:44:26,dunnock_observed.csv,1.415474415478159008937751252,0.637,0.898,5.995,0.221,0.077,0.375,1.51,10.98,9.76,4.262,10.564,8.506,12.621,9.902,9.783,10.022,0.101,9.25,5.609,8.863,2.355,1.107
2026-05-06 10:44:26,dunnock_observed.csv,1.118652367191011925888151273,0.99,2.408,4.267,0.3,0.205,0.157,2.09,11.29,9.43,1.088,12.451,18.739,6.163,7.068,11.614,2.523,0.249,9.92,12.448,11.922,12.974,1.039
2026-05-06 10:44:26,dunnock_observed.csv,0.6932091694406433912320064163,0.762,1.098,1.709,0.153,0.475,0.11,3.65,11.69,9.68,5.285,7.910,5.436,10.384,10.205,11.932,8.478,0.131,9.16,3.890,5.87,1.91,1.341
2026-05-06 10:44:27,dunnock_observed.csv,1.151541758435561277565480225,1.07,2.057,5.07,0.36,0.708,0.243,2.19,1.05,9.48,3.424,12.966,7.058,18.873,6.716,12.475,0.957,0.136,8.92,4.162,6.771,1.552,1.164
2026-05-06 10:44:27,dunnock_observed.csv,2.539163888895501054391459316,0.597,2.7,5.589,0.104,0.057,0.278,2.65,10.86,6.62,1.577,5.116,3.562,6.671,6.652,7.15,6.154,0.209,8.17,1.947,1.26,2.634,0.81
2026-05-06 10:44:27,dunnock_observed.csv,1.656456654721651963590135401,0.869,2.334,1.899,0.313,0.031,0.116,3.36,10.84,11.21,2.004,8.704,2.213,15.196,8.026,7.092,8.959,0.025,7.84,3.344,3.141,3.547,1.767
2026-05-06 10:44:28,dunnock_observed.csv,0.9187919299198291483804305856,0.725,3.5,2.034,0.359,0.456,0.395,3.31,11.22,8.54,3.267,13.618,15.202,12.033,12.141,12.597,11.685,0.034,8.44,3.171,3.714,2.628,1.287
2026-05-06 10:44:28,dunnock_observed.csv,0.5716691509003004757059361943,0.569,0.897,0.751,0.293,0.334,0.141,3.23,10.6,9.19,1.292,9.741,15.151,4.331,7.162,6.605,7.719,0.18,8.63,9.270,10.426,8.114,0.87
2026-05-06 10:44:28,dunnock_observed.csv,1.239379623573034803730979094,0.707,1.498,0.824,0.38,0.002,0.133,4.36,1.21,9.99,5.387,1.756,2.431,1.081,8.426,4.592,12.259,0.064,9.72,6.504,2.013,10.994,1.504
2026-05-06 10:44:28,dunnock_observed.csv,1.112884759494263997759024100,0.606,1.745,3.63,0.229,0.525,0.011,2.3,11.58,8.15,7.252,15.616,17.493,13.739,4.250,8.015,0.485,0.132,8.01,7.177,0.381,13.973,1.678
2026-05-06 10:44:29,dunnock_observed.csv,2.087009292382692041888598056,1.032,0.439,1.989,0.24,0.418,0.018,4.34,11.12,9.24,5.98,9.762,12.526,6.999,6.127,9.71,2.544,0.16,10.35,3.964,4.425,3.503,0.857
2026-05-06 10:44:29,dunnock_observed.csv,2.741269432254979952632750398,0.875,3.485,3.884,0.164,0.325,0.005,3.14,10.94,10.53,0.982,12.487,16.232,8.742,3.064,2.461,3.668,0.001,7.56,4.868,3.176,6.559,1.103
2026-05-06 10:44:29,dunnock_observed.csv,0.8852155659285984209522480307,0.753,0.842,1.969,0.292,0.451,0.209,3.03,1.48,10.02,4.355,2.886,3.065,2.708,3.022,2.198,3.846,0.001,9.13,5.576,8.334,2.819,0.946
2026-05-06 10:44:30,dunnock_observed.csv,0.5621075139738380987764960606,0.732,1.24,1.748,0.195,0.406,0.049,3.68,11.84,10.29,2.393,8.452,8.359,8.546,1.868,3.312,0.425,0.162,9.93,11.624,12.663,10.586,1.62
2026-05-06 10:44:30,dunnock_observed.csv,1.016275336182390111036661697,0.982,0.73,1.059,0.069,0.622,0.167,3.34,11.72,6.91,5.206,8.780,4.998,12.561,8.888,9.930,7.846,0.147,8.46,8.428,8.253,8.602,1.583
2026-05-06 10:44:30,dunnock_observed.csv,1.364338542848592266009523935,0.777,3.757,4.383,0.323,0.325,0.184,4.4,11.65,6.69,1.939,14.964,15.653,14.274,12.620,11.888,13.353,0.136,9.42,2.742,2.826,2.659,1.037
2026-05-06 10:44:31,dunnock_observed.csv,1.058708010079334283708801571,1.072,2.42,3.105,0.234,0.53,0.349,2.3,11.18,9.77,5.324,7.179,4.014,10.344,2.255,3.357,1.153,0.166,10.31,11.160,10.207,12.112,1.326
2026-05-06 10:44:31,dunnock_observed.csv,0.8169349322357456648794743488,0.96,0.853,0.587,0.338,0.185,0.167,4.48,10.73,11.03,4.488,8.136,15.672,0.6,8.846,12.499,5.192,0.218,9.28,8.584,4.657,12.511,1.261
2026-05-06 10:44:31,dunnock_observed.csv,0.8382012360062624277851617905,1.109,3.567,2.389,0.298,0.74,0.329,3.47,1.44,7.31,5.666,4.082,0.464,7.701,1.540,1.701,1.38,0.125,8.77,3.278,1.428,5.129,0.806
2026-05-06 10:44:31,dunnock_observed.csv,1.484941710295647845759875462,0.625,3.742,3.456,0.118,0.72,0.077,4.0,11.4,8.87,5.984,3.044,2.701,3.387,3.606,4.225,2.988,0.098,9.56,4.623,2.745,6.501,0.864
2026-05-06 10:44:32,dunnock_observed.csv,1.461622383805315110119682486,0.675,2.829,1.004,0.06,0.261,0.287,2.53,1.43,7.81,3.074,12.198,16.343,8.054,12.812,12.503,13.121,0.008,8.85,8.310,5.886,10.734,1.112
2026-05-06 10:44:32,dunnock_observed.csv,2.230694207389465141924495791,0.726,2.698,2.529,0.08,0.076,0.284,2.98,1.38,7.78,3.207,11.776,12.885,10.668,1.624,2.719,0.529,0.171,9.52,8.000,5.624,10.375,0.844
2026-05-06 10:44:32,dunnock_observed.csv,1.735284237432260732418064512,0.908,3.529,2.634,0.383,0.221,0.224,3.06,1.26,8.05,2.081,10.798,12.289,9.308,8.824,8.53,9.118,0.148,9.77,1.850,1.041,2.659,0.861
2026-05-06 10:44:33,dunnock_observed.csv,1.018900669479623813035918726,0.837,1.371,1.618,0.357,0.361,0.09,3.11,1.44,9.1,5.084,5.907,4.969,6.845,2.272,3.528,1.015,0.087,8.13,7.470,1.489,13.45,0.98
2026-05-06 10:44:33,dunnock_observed.csv,1.755628861723077666507637680,0.961,0.391,3.309,0.416,0.611,0.166,1.95,11.69,9.85,7.145,8.806,9.822,7.791,10.873,9.712,12.034,0.139,9.46,10.168,8.541,11.794,1.613
2026-05-06 10:44:33,dunnock_observed.csv,0.8333720508296512168652499013,0.708,1.208,0.768,0.425,0.248,0.154,4.41,11.65,7.82,4.697,5.375,9.819,0.931,5.742,3.122,8.361,0.101,9.25,4.892,7.0,2.785,1.588
2026-05-06 10:44:34,dunnock_observed.csv,2.467246854461829697542422886,0.811,2.416,5.827,0.055,0.088,0.121,1.59,1.25,7.62,1.202,14.408,12.911,15.905,7.031,7.87,6.192,0.234,7.69,7.055,2.727,11.383,1.284
2026-05-06 10:44:34,dunnock_observed.csv,1.125972120077603264870641873,0.701,2.783,2.954,0.402,0.146,0.122,2.83,1.02,10.46,7.654,17.464,18.887,16.04,9.714,13.206,6.223,0.119,10.47,9.990,12.593,7.388,0.94
2026-05-06 10:44:34,dunnock_observed.csv,0.6844128058155809597424907538,0.642,1.979,3.613,0.311,0.285,0.248,3.24,11.07,9.93,2.624,7.622,7.943,7.302,7.693,9.068,6.318,0.174,9.18,11.728,9.474,13.981,0.926
2026-05-06 10:44:34,dunnock_observed.csv,1.246631428112349861781730301,0.888,3.439,3.071,0.367,0.425,0.095,2.44,11.21,6.65,4.299,10.720,4.553,16.886,11.868,10.099,13.638,0.071,10.14,7.793,5.915,9.671,1.502
2026-05-06 10:44:35,dunnock_observed.csv,1.334933325251728823224971968,0.755,2.504,1.027,0.056,0.136,0.168,3.26,11.22,10.73,5.135,8.758,15.338,2.177,6.154,6.023,6.286,0.194,9.09,9.410,11.234,7.587,1.07
2026-05-06 10:44:35,dunnock_observed.csv,0.7662554685221098810957854649,0.742,2.728,4.047,0.27,0.397,0.421,2.18,11.28,6.72,7.951,5.149,5.777,4.521,9.551,11.334,7.768,0.201,10.42,11.770,11.346,12.195,1.179
2026-05-06 10:44:35,dunnock_observed.csv,0.9308321927771368743748038495,1.095,3.672,2.556,0.427,0.153,0.336,2.17,10.8,10.64,0.981,10.484,10.723,10.246,3.385,1.261,5.509,0.171,7.55,10.006,9.441,10.572,1.239
2026-05-06 10:44:36,dunnock_observed.csv,1.232565128101418693648172075,0.893,1.51,3.371,0.144,0.592,0.233,4.44,10.78,7.97,5.516,12.180,13.77,10.59,5.132,7.315,2.949,0.06,9.06,6.509,2.688,10.33,1.525
2026-05-06 10:44:36,dunnock_observed.csv,2.614723503028552071471385059,1.118,2.6,3.952,0.149,0.699,0.086,4.17,11.91,8.58,0.824,16.344,14.466,18.221,9.939,9.342,10.536,0.1,8.81,3.860,2.797,4.922,0.812
2026-05-06 10:44:36,dunnock_observed.csv,0.8778367705343723401301206509,0.562,2.834,5.912,0.238,0.493,0.363,1.87,10.68,10.05,2.586,3.472,3.132,3.811,5.930,4.262,7.599,0.08,8.52,6.508,9.517,3.498,0.859
2026-05-06 10:44:37,dunnock_observed.csv,0.9253839244561902610485012120,1.053,1.651,4.319,0.42,0.397,0.104,2.14,11.62,9.86,0.743,11.284,8.25,14.317,12.996,12.284,13.709,0.176,8.33,6.064,10.78,1.348,1.554
2026-05-06 10:44:37,dunnock_observed.csv,2.994866785693026621111131641,1.116,0.68,5.285,0.159,0.58,0.261,3.42,1.21,10.37,3.701,12.043,17.784,6.302,7.952,3.421,12.483,0.039,10.42,7.152,8.143,6.161,0.915
2026-05-06 10:44:37,dunnock_observed.csv,1.220321404728249400750308941,0.856,1.049,1.241,0.174,0.335,0.129,3.76,11.78,9.37,3.711,17.530,17.541,17.52,6.140,0.762,11.518,0.05,10.3,3.245,3.548,2.942,1.429
2026-05-06 10:44:38,dunnock_observed.csv,1.453209000399994728971033835,0.903,3.823,2.225,0.074,0.171,0.188,1.75,11.39,7.25,4.803,13.716,19.67,7.761,4.552,1.059,8.044,0.011,9.99,6.386,10.025,2.747,1.738
2026-05-06 10:44:38,dunnock_observed.csv,0.5182070362154868653211919801,0.576,0.465,5.912,0.277,0.665,0.342,2.15,11.52,7.55,1.959,5.200,9.882,0.519,4.964,5.382,4.547,0.229,9.51,3.854,3.38,4.329,1.125
2026-05-06 10:44:38,dunnock_observed.csv,2.211907872171309119094713238,0.721,1.166,4.621,0.103,0.004,0.083,2.24,11.87,10.12,6.409,5.848,6.462,5.235,9.833,12.516,7.15,0.231,7.99,10.588,10.212,10.963,1.127
2026-05-06 10:44:38,dunnock_observed.csv,1.451978691175668370186898376,0.66,2.743,4.524,0.058,0.279,0.03,2.38,10.51,10.25,1.066,1.687,1.709,1.665,7.717,4.256,11.178,0.212,7.54,6.101,3.431,8.771,0.945
2026-05-06 10:44:39,dunnock_observed.csv,1.282723677994611115549318562,0.931,2.156,0.729,0.17,0.092,0.202,2.04,11.65,8.3,4.54,10.474,17.9,3.048,7.520,13.657,1.383,0.079,9.62,2.753,2.742,2.764,1.533
2026-05-06 10:44:39,dunnock_observed.csv,1.124549788580169113609116795,0.753,2.141,4.303,0.167,0.37,0.139,3.89,11.15,8.21,2.36,11.040,12.45,9.63,11.890,13.520,10.259,0.197,8.85,1.015,1.194,0.836,1.425
2026-05-06 10:44:39,dunnock_observed.csv,2.358616691018082547299162128,0.805,0.501,3.241,0.443,0.502,0.006,3.5,11.92,9.13,7.425,15.231,17.511,12.951,6.230,11.316,1.145,0.052,10.11,6.658,4.785,8.53,0.809
2026-05-06 10:44:40,dunnock_observed.csv,1.461208590968359773517838614,0.976,0.558,5.865,0.405,0.616,0.235,2.85,1.17,7.23,2.163,7.096,13.623,0.568,2.188,2.135,2.241,0.004,10.05,2.541,0.724,4.358,1.22
2026-05-06 10:44:40,dunnock_observed.csv,1.395617270014601772574533118,0.926,3.473,2.264,0.165,0.323,0.22,2.48,10.89,9.48,4.732,10.122,3.087,17.156,4.552,7.6,1.503,0.048,9.75,6.004,3.639,8.37,1.791
2026-05-06 10:44:40,dunnock_observed.csv,2.964023964413961755704111837,0.812,3.806,3.485,0.426,0.098,0.01,4.37,11.48,8.54,7.083,11.460,11.299,11.622,9.443,12.877,6.009,0.014,10.15,6.162,5.556,6.768,0.947
2026-05-06 10:44:41,dunnock_observed.csv,1.623300326419612161004713072,1.075,2.859,2.878,0.323,0.027,0.078,1.57,11.91,11.2,7.114,13.916,15.604,12.227,5.788,6.497,5.078,0.094,7.99,7.010,3.746,10.275,1.445
2026-05-06 10:44:41,dunnock_observed.csv,0.9233067770371165535187138633,0.657,3.079,0.65,0.158,0.44,0.03,2.32,1.46,8.09,5.347,4.234,4.868,3.599,5.063,6.641,3.485,0.024,8.36,1.700,1.13,2.271,0.946
2026-05-06 10:44:41,dunnock_observed.csv,0.9244648153046730796318427779,0.72,3.501,2.297,0.243,0.341,0.032,1.75,10.61,7.59,5.504,11.520,8.48,14.561,6.538,10.746,2.329,0.155,8.82,11.888,10.601,13.176,1.274
2026-05-06 10:44:42,dunnock_observed.csv,0.7572869899105432996300255035,0.741,3.443,4.254,0.378,0.686,0.101,2.36,11.79,10.61,7.991,5.238,5.634,4.843,7.441,13.218,1.664,0.114,8.56,8.189,7.242,9.136,1.251
2026-05-06 10:44:42,dunnock_observed.csv,1.549606242703499396123785760,1.064,1.476,4.652,0.118,0.238,0.287,2.87,11.91,7.37,4.663,7.234,9.536,4.932,5.924,1.163,10.686,0.173,9.33,8.230,2.902,13.557,1.471
2026-05-06 10:44:42,dunnock_observed.csv,0.5079558734100059929067918603,0.64,3.696,2.447,0.212,0.679,0.312,2.62,11.32,11.04,7.911,18.484,17.019,19.95,4.791,6.863,2.719,0.19,9.13,12.354,13.19,11.519,1.666
2026-05-06 10:44:42,dunnock_observed.csv,1.250444150995771965728813023,1.042,0.374,1.091,0.444,0.279,0.13,4.0,10.67,10.33,6.485,12.690,12.067,13.314,9.398,9.466,9.329,0.1,9.97,6.316,9.889,2.742,1.165
2026-05-06 10:44:43,dunnock_observed.csv,1.031528714755901494679948644,0.81,1.426,3.864,0.345,0.445,0.387,2.5,1.15,7.01,5.504,15.795,13.512,18.078,7.590,12.127,3.054,0.05,8.9,6.127,4.793,7.461,1.494
2026-05-06 10:44:43,dunnock_observed.csv,1.247708534053142630563857247,1.09,2.942,3.262,0.291,0.272,0.052,3.49,11.17,7.32,7.739,9.607,1.567,17.647,10.460,10.957,9.964,0.248,8.14,10.226,10.597,9.856,0.926
2026-05-06 10:44:43,dunnock_observed.csv,1.188302662009008465628228516,0.636,3.963,3.3,0.451,0.187,0.292,2.99,11.58,8.49,3.961,11.920,8.759,15.081,3.981,4.216,3.746,0.014,8.39,7.652,6.82,8.484,1.532
2026-05-06 10:44:44,dunnock_observed.csv,1.200589103143524183217831151,0.837,1.763,1.772,0.09,0.379,0.154,2.67,1.17,9.65,2.538,15.174,19.187,11.16,9.805,10.817,8.793,0.062,7.61,4.139,5.173,3.105,1.46
2026-05-06 10:44:44,dunnock_observed.csv,1.313266446590715250235897272,0.775,1.049,4.205,0.394,0.369,0.207,3.56,12.0,8.8,3.947,12.361,15.612,9.11,10.810,11.853,9.768,0.034,10.11,5.062,5.313,4.810,1.377
2026-05-06 10:44:44,dunnock_observed.csv,0.8560536093479368559751686357,0.721,2.128,3.201,0.181,0.516,0.155,3.85,11.2,10.54,4.313,7.329,6.503,8.155,11.890,11.276,12.503,0.242,10.19,7.190,1.193,13.188,1.327
2026-05-06 10:44:45,dunnock_observed.csv,1.182325891298221672170961522,0.957,2.566,0.936,0.273,0.216,0.049,4.33,11.72,11.2,7.521,11.036,10.961,11.112,8.094,4.993,11.194,0.105,7.87,3.776,6.458,1.093,1.15
2026-05-06 10:44:45,dunnock_observed.csv,1.902263092590320071306911344,0.856,2.154,4.635,0.324,0.209,0.422,2.41,11.04,8.77,0.592,15.566,14.858,16.274,8.423,2.986,13.86,0.14,10.5,2.344,4.294,0.393,1.003
2026-05-06 10:44:45,dunnock_observed.csv,1.686878372791936452339768697,1.065,3.606,1.715,0.3,0.071,0.405,3.84,1.31,9.38,6.297,11.030,6.428,15.632,9.872,10.613,9.132,0.017,9.83,6.653,3.833,9.473,1.747
2026-05-06 10:44:46,dunnock_observed.csv,0.9948931463375443020422007714,0.581,0.312,1.869,0.18,0.603,0.091,1.81,10.97,9.21,6.547,8.980,4.178,13.781,7.278,11.251,3.305,0.135,9.45,8.733,9.602,7.864,1.025
2026-05-06 10:44:46,dunnock_observed.csv,1.665803051206654239321973048,0.585,1.056,3.66,0.084,0.353,0.311,4.5,11.61,7.86,4.89,17.383,16.118,18.648,10.020,11.866,8.175,0.202,8.01,7.188,5.805,8.572,1.081
2026-05-06 10:44:46,dunnock_observed.csv,1.031997233424965120829323512,1.114,1.305,1.187,0.37,0.644,0.131,3.69,11.19,7.51,1.178,16.036,17.444,14.628,7.730,11.7,3.76,0.138,10.15,7.334,8.022,6.646,1.106
2026-05-06 10:44:47,dunnock_observed.csv,1.206517723681150514053202039,0.882,2.588,2.17,0.239,0.12,0.426,2.51,11.41,7.37,7.075,13.492,7.907,19.077,7.294,8.358,6.231,0.188,10.04,10.618,12.252,8.984,1.218
2026-05-06 10:44:47,dunnock_observed.csv,3.358384286403152560483782003,0.552,1.643,2.107,0.439,0.65,0.294,4.05,10.78,9.94,1.227,11.502,11.942,11.063,12.996,13.970,12.021,0.008,9.47,3.750,3.898,3.602,0.823
2026-05-06 10:44:47,dunnock_observed.csv,1.566785208251085311122133560,1.11,1.789,1.598,0.126,0.53,0.254,1.76,11.46,10.33,1.455,16.004,14.745,17.262,7.144,6.229,8.058,0.106,9.94,4.552,7.738,1.366,1.591
2026-05-06 10:44:48,dunnock_observed.csv,0.6140903614312432288596240803,0.745,2.664,4.806,0.17,0.318,0.328,3.33,10.56,10.52,7.53,11.476,3.463,19.488,11.932,11.738,12.126,0.088,9.11,5.502,6.000,5.004,1.754
2026-05-06 10:44:48,dunnock_observed.csv,1.450887119218450487374521909,0.819,1.9,3.044,0.083,0.712,0.39,1.54,11.44,9.54,1.685,11.829,17.871,5.787,2.342,2.162,2.522,0.047,8.36,11.476,13.05,9.903,1.201
2026-05-06 10:44:48,dunnock_observed.csv,1.255404794196615673862786365,1.054,2.817,0.689,0.349,0.17,0.429,3.37,11.55,9.6,2.518,8.240,8.508,7.972,1.548,2.191,0.905,0.102,10.49,8.824,6.582,11.066,0.927
2026-05-06 10:44:49,dunnock_observed.csv,1.438897099051316026326953476,0.658,1.442,5.346,0.407,0.292,0.212,1.78,1.25,10.31,2.043,11.163,13.422,8.904,3.351,2.074,4.628,0.086,7.93,8.168,9.234,7.101,1.323
2026-05-06 10:44:49,dunnock_observed.csv,1.059647809024848651162065440,0.535,1.757,4.562,0.196,0.636,0.134,2.83,11.34,9.71,4.771,8.969,14.083,3.855,13.322,12.654,13.99,0.145,8.75,12.846,12.528,13.164,1.107
2026-05-06 10:44:49,dunnock_observed.csv,0.8286169655975931920220874586,0.975,0.996,5.662,0.378,0.705,0.256,3.1,11.73,7.21,7.856,17.626,17.272,17.979,2.139,2.043,2.235,0.171,8.06,1.957,2.465,1.449,1.478
2026-05-06 10:44:49,dunnock_observed.csv,1.027077321039847085262702588,0.974,1.194,1.76,0.056,0.222,0.296,3.04,11.99,10.82,5.29,1.695,0.885,2.505,1.057,0.994,1.120,0.118,9.75,5.986,6.31,5.663,1.416
2026-05-06 10:44:50,dunnock_observed.csv,1.343730472151091810712251806,0.912,1.256,1.049,0.111,0.608,0.245,2.64,10.87,8.6,3.859,6.492,5.725,7.260,3.401,5.086,1.716,0.208,9.6,10.158,8.946,11.371,1.651
2026-05-06 10:44:50,dunnock_observed.csv,1.493919504063772515145025811,0.567,1.341,4.803,0.071,0.198,0.176,2.17,11.86,10.29,1.643,10.384,5.355,15.412,5.713,0.458,10.968,0.023,9.6,7.967,6.22,9.714,1.521
2026-05-06 10:44:50,dunnock_observed.csv,1.870861110537904182059466534,1.11,2.13,3.998,0.44,0.556,0.033,2.38,11.91,7.9,5.073,13.776,10.933,16.618,5.791,4.112,7.47,0.093,10.25,5.564,5.302,5.826,0.849
2026-05-06 10:44:51,dunnock_observed.csv,2.137971682011822708151113219,0.656,2.111,0.826,0.371,0.204,0.007,3.29,11.14,8.65,1.842,3.832,2.562,5.103,7.574,9.146,6.002,0.226,7.69,10.000,7.93,12.069,1.768
2026-05-06 10:44:51,dunnock_observed.csv,1.336476453032753429421159472,1.057,2.739,4.394,0.345,0.172,0.266,3.69,1.05,9.43,6.983,13.728,16.586,10.869,6.484,7.387,5.582,0.146,9.12,5.334,6.109,4.558,1.279
2026-05-06 10:44:51,dunnock_observed.csv,0.5279045799372089568301077846,0.786,2.128,2.3,0.339,0.109,0.261,2.96,11.67,9.27,7.971,5.362,6.028,4.695,7.654,13.102,2.207,0.223,10.32,9.592,9.468,9.715,1.257
2026-05-06 10:44:52,dunnock_observed.csv,2.251331225326297331895629257,0.825,0.835,5.869,0.243,0.118,0.158,3.01,11.18,7.71,2.002,15.726,18.736,12.715,5.429,7.674,3.184,0.099,9.34,8.386,8.071,8.701,1.083
2026-05-06 10:44:52,dunnock_observed.csv,1.325573213396067454247849512,0.579,0.847,5.443,0.391,0.116,0.052,4.11,11.36,10.02,2.553,10.764,18.523,3.006,8.801,13.883,3.719,0.139,10.5,3.268,3.198,3.337,0.937
2026-05-06 10:44:52,dunnock_observed.csv,1.488113666781590861099196083,0.797,3.197,5.661,0.319,0.246,0.318,3.3,10.54,6.87,7.539,9.912,12.742,7.081,5.128,5.643,4.613,0.063,7.64,2.912,0.444,5.379,1.383
2026-05-06 10:44:52,dunnock_observed.csv,0.7646802509096959678851422168,0.728,0.442,1.619,0.397,0.133,0.32,1.58,11.75,10.28,5.901,12.069,9.552,14.586,4.982,0.5,9.464,0.245,8.34,4.484,7.979,0.988,1.287
2026-05-06 10:44:53,dunnock_observed.csv,1.123495775728647757219856603,0.92,1.716,1.48,0.408,0.746,0.362,2.19,1.2,10.88,0.521,9.886,9.278,10.493,4.468,3.844,5.091,0.204,9.01,9.300,8.252,10.348,1.518
2026-05-06 10:44:53,dunnock_observed.csv,0.6770193072113616119612502542,0.594,3.06,1.248,0.099,0.453,0.342,4.03,11.8,7.88,5.185,15.318,15.087,15.550,7.796,6.787,8.804,0.174,8.14,2.607,2.848,2.366,1.317
2026-05-06 10:44:53,dunnock_observed.csv,1.337820331461386401898413966,1.027,2.807,3.315,0.144,0.144,0.36,4.22,11.18,9.26,3.011,9.178,5.999,12.356,8.781,8.676,8.886,0.058,8.59,5.378,8.666,2.091,1.715
2026-05-06 10:44:54,dunnock_observed.csv,1.576527202924687180401409476,0.884,1.182,4.729,0.161,0.623,0.26,4.4,11.09,8.77,4.333,9.555,11.424,7.686,10.662,10.588,10.735,0.059,9.59,2.839,2.216,3.462,1.517
2026-05-06 10:44:54,dunnock_observed.csv,1.119277294427982790356301252,0.797,1.256,5.324,0.099,0.213,0.22,2.45,11.71,8.13,7.583,12.357,15.651,9.063,7.448,3.537,11.358,0.245,7.83,5.923,6.144,5.702,1.682
2026-05-06 10:44:54,dunnock_observed.csv,1.317161101058157918379487649,0.548,1.04,0.615,0.18,0.005,0.148,1.69,10.74,8.04,7.082,10.283,4.577,15.989,3.532,1.542,5.521,0.056,10.1,7.436,5.876,8.996,1.34
2026-05-06 10:44:55,dunnock_observed.csv,1.610253351903421896193128286,1.025,1.931,1.992,0.072,0.366,0.165,1.77,11.48,10.59,2.863,13.070,12.266,13.875,9.392,11.034,7.751,0.111,8.13,2.682,0.906,4.459,1.258
2026-05-06 10:44:55,dunnock_observed.csv,1.910056559777261415263356874,0.914,0.886,0.983,0.392,0.693,0.289,2.42,11.72,10.03,3.462,10.460,3.654,17.266,11.302,12.086,10.517,0.228,10.33,1.688,2.228,1.148,1.669
2026-05-06 10:44:55,dunnock_observed.csv,1.865579722847941318132261894,0.969,3.346,2.288,0.306,0.009,0.097,3.68,10.98,9.42,4.895,3.438,0.419,6.458,6.534,8.397,4.672,0.073,8.48,8.576,7.939,9.212,1.175
2026-05-06 10:44:56,dunnock_observed.csv,2.054838574053068557004286697,0.972,1.391,5.178,0.054,0.077,0.179,3.15,11.85,9.63,6.539,17.046,17.92,16.173,7.700,13.374,2.025,0.07,8.0,9.916,13.968,5.865,1.688
2026-05-06 10:44:56,dunnock_observed.csv,1.485985816254361148841521599,0.616,1.34,3.135,0.376,0.323,0.094,1.7,11.65,10.88,4.793,18.398,18.606,18.19,6.611,3.266,9.956,0.166,7.97,8.759,10.977,6.541,1.448
2026-05-06 10:44:56,dunnock_observed.csv,1.256595490194955030798988978,0.7,2.747,5.392,0.165,0.275,0.415,4.25,10.81,8.21,4.776,15.447,18.408,12.486,5.162,8.607,1.716,0.087,9.2,11.937,11.985,11.889,1.666
2026-05-06 10:44:56,dunnock_observed.csv,0.7609706573953197584713559345,0.615,2.972,5.593,0.226,0.646,0.167,3.7,10.6,6.78,4.8,9.888,11.82,7.956,5.974,10.668,1.28,0.245,8.15,9.057,10.758,7.356,1.297
2026-05-06 10:44:57,dunnock_observed.csv,1.510409744400912406649541616,0.911,2.65,2.021,0.105,0.53,0.061,3.33,11.64,10.08,3.447,7.786,0.798,14.773,6.215,1.337,11.093,0.171,8.39,5.683,10.376,0.99,1.673
2026-05-06 10:44:57,dunnock_observed.csv,1.073268929281575381957840846,0.68,3.612,4.277,0.204,0.694,0.324,4.03,1.44,10.46,4.028,8.680,8.757,8.602,6.799,12.824,0.774,0.169,7.61,7.148,3.952,10.345,1.247
2026-05-06 10:44:57,dunnock_observed.csv,2.802333410303432826700777998,0.575,2.892,5.918,0.451,0.7,0.222,3.49,10.56,8.95,0.591,18.974,19.738,18.209,7.798,4.309,11.288,0.098,9.31,4.804,7.943,1.664,1.471
2026-05-06 10:44:58,dunnock_observed.csv,2.309614909446935153566429503,0.752,3.44,5.817,0.248,0.611,0.37,1.87,1.14,8.33,6.094,12.450,9.048,15.853,2.378,2.187,2.569,0.247,10.39,9.882,9.733,10.031,1.578
2026-05-06 10:44:58,dunnock_observed.csv,0.7203535135089126708545292333,0.837,2.696,2.032,0.423,0.485,0.307,2.89,10.72,7.98,6.911,12.582,5.591,19.573,5.668,1.453,9.884,0.185,9.46,3.197,3.463,2.931,1.122
2026-05-06 10:44:58,dunnock_observed.csv,1.540997694470190963357611627,0.578,1.912,5.326,0.426,0.583,0.422,3.78,1.42,9.11,4.39,17.043,19.745,14.341,10.228,10.112,10.345,0.183,9.88,4.783,0.898,8.668,1.25
2026-05-06 10:44:59,dunnock_observed.csv,1.610686758110459709709056502,1.116,0.903,5.391,0.128,0.092,0.185,4.47,1.18,9.95,4.771,13.803,13.476,14.13,12.196,12.721,11.671,0.237,9.41,8.723,8.185,9.261,1.78
2026-05-06 10:44:59,dunnock_observed.csv,2.906859432574489235337895683,0.97,0.284,3.672,0.235,0.312,0.379,3.57,11.08,7.88,7.643,16.706,17.679,15.734,8.910,4.714,13.106,0.115,9.69,8.141,2.609,13.673,0.85
2026-05-06 10:44:59,dunnock_observed.csv,0.8894980353134048106213340375,0.789,3.133,2.444,0.204,0.185,0.302,1.67,1.23,7.86,5.468,19.170,18.58,19.761,3.818,3.031,4.606,0.206,7.54,8.496,6.885,10.106,1.132
2026-05-06 10:44:59,dunnock_observed.csv,0.6351338175683340947689603612,0.794,2.565,1.76,0.412,0.172,0.084,2.13,1.21,8.32,1.914,17.957,17.682,18.232,9.306,8.442,10.169,0.195,7.67,9.138,5.441,12.834,1.22
2026-05-06 10:45:00,dunnock_observed.csv,2.037396788378987458022937368,0.999,3.421,3.8,0.056,0.389,0.367,4.22,10.8,10.35,3.337,8.388,9.545,7.231,6.774,0.644,12.904,0.149,9.43,9.463,9.834,9.092,1.148
2026-05-06 10:45:00,dunnock_observed.csv,1.888500004506070502851999123,0.651,0.34,1.297,0.44,0.585,0.347,1.9,1.18,8.49,0.869,13.717,13.081,14.353,8.453,3.665,13.241,0.195,8.62,3.310,4.767,1.852,1.748
2026-05-06 10:45:00,dunnock_observed.csv,1.429799576970018615409942713,0.879,3.459,1.858,0.18,0.371,0.208,3.23,11.59,6.77,6.661,8.454,4.602,12.306,10.732,11.721,9.744,0.002,8.4,10.458,12.232,8.685,1.078
2026-05-06 10:45:01,dunnock_observed.csv,2.646972633520000241764479712,1.117,1.239,5.334,0.118,0.189,0.203,3.74,11.18,8.14,3.904,9.518,10.284,8.752,2.180,3.132,1.229,0.182,8.2,1.040,0.865,1.214,1.049
2026-05-06 10:45:01,dunnock_observed.csv,1.856578239817660177346354713,0.631,3.094,2.453,0.212,0.675,0.033,2.64,10.81,9.4,1.437,15.416,17.726,13.107,7.790,1.694,13.886,0.021,10.31,1.986,0.759,3.214,1.292
2026-05-06 10:45:01,dunnock_observed.csv,1.244817888436473398831380822,0.705,0.294,3.63,0.085,0.739,0.326,3.34,10.91,9.28,7.954,9.924,18.712,1.136,8.267,3.343,13.191,0.013,9.14,9.022,6.553,11.491,1.67
