TIMESTAMP,OBSERVED,SCORE,INITIAL_Y,GROWTH_RATE,DECAY_RATE,SUMMER_DECAY_BOOST,PRE_SUMMER_DECAY_REDUCTION,PRE_SUMMER_DECAY_END,PRE_SUMMER_DECAY_SHARPNESS,SPRING_CARRYOVER_WEIGHT,SPRING_CARRYOVER_END,SPRING_CARRYOVER_SHARPNESS,BASELINE,WINTER_WEIGHT,AUTUMN_WEIGHT,WINTER_PEAK,AUTUMN_PEAK,AUTUMN_ONSET,AUTUMN_GATE_SHARPNESS,WINTER_WIDTH,WINTER_RISE_WIDTH,WINTER_FALL_WIDTH,AUTUMN_WIDTH,AUTUMN_RISE_WIDTH,AUTUMN_FALL_WIDTH,SUMMER_DIP,SUMMER_LOW,SUMMER_ONSET,SUMMER_GATE_SHARPNESS,SUMMER_DECAY_ONSET,SUMMER_DECAY_GATE_SHARPNESS,SUMMER_WIDTH,SUMMER_RISE_WIDTH,SUMMER_FALL_WIDTH,SCALE,YEAR_END_WEIGHT,YEAR_END_PEAK,YEAR_END_WIDTH,YEAR_END_RISE_WIDTH,YEAR_END_FALL_WIDTH
2026-05-07 08:19:23,magpie_observed.csv,0.6071998360264216333383086164,0.918,2.85,0.965,7.889,0.452,7.06,5.793,0.204,6.72,18.315,0.89,0.008,0.042,1.2,10.68,10.0,7.0,17.158,18.544,15.773,7.746,10.475,5.018,0.099,7.49,5.55,2.266,7.52,10.128,6.819,11.555,2.083,1.295,0.345,12.171,61.804,110.953,12.656
2026-05-07 08:19:24,magpie_observed.csv,0.3925130038563669515371292244,0.752,1.261,1.621,6.9,0.238,7.07,7.018,0.201,7.58,17.231,0.795,0.185,0.031,1.31,11.47,9.65,4.602,9.210,12.318,6.103,7.842,2.766,12.917,0.158,7.17,6.57,5.736,6.99,14.511,40.008,74.026,5.991,1.474,0.12,12.058,122.100,232.624,11.576
2026-05-07 08:19:24,magpie_observed.csv,0.4686440750223646874866725606,1.137,2.473,2.095,7.044,0.722,7.66,13.937,0.309,7.3,21.302,0.813,0.449,0.03,2.39,10.51,9.53,4.132,5.741,5.705,5.777,7.913,7.923,7.903,0.159,7.53,7.47,7.514,7.54,9.654,10.322,18.274,2.371,1.487,0.327,12.107,77.055,144.492,9.618
2026-05-07 08:19:24,magpie_observed.csv,0.9242016635430764649939640042,1.264,1.289,2.814,5.68,0.251,7.59,7.845,0.313,6.67,25.226,0.555,0.151,0.048,1.75,10.82,10.28,10.877,12.016,12.135,11.896,13.369,14.000,12.738,0.196,8.11,7.47,4.597,7.14,21.574,29.888,59.019,0.756,0.938,0.225,12.289,45.454,81.499,9.41
2026-05-07 08:19:24,magpie_observed.csv,0.4083543798398398560074505866,0.999,1.817,5.309,2.294,0.199,7.13,9.086,0.383,7.31,6.018,0.674,0.36,0.009,1.83,10.91,9.86,2.013,14.028,14.244,13.813,4.996,2.049,7.943,0.216,8.84,5.99,5.423,7.45,11.068,29.260,41.072,17.447,1.27,0.151,12.117,67.260,119.754,14.766
2026-05-07 08:19:25,magpie_observed.csv,0.4513526673027537064924650951,1.059,2.806,4.14,7.167,0.416,6.34,10.423,0.037,7.15,8.302,0.594,0.133,0.048,2.05,11.07,10.76,10.876,10.590,1.48,19.701,7.829,8.203,7.455,0.14,6.8,5.04,2.229,7.32,14.664,26.158,38.015,14.3,1.654,0.238,12.093,79.683,151.744,7.622
2026-05-07 08:19:25,magpie_observed.csv,0.5927160832069205796459598516,0.907,1.149,1.961,1.821,0.274,7.35,12.657,0.192,7.15,8.993,0.467,0.628,0.01,1.43,1.09,10.18,6.018,12.034,14.359,9.708,4.636,4.975,4.298,0.065,7.71,5.3,3.791,6.69,12.135,46.798,78.232,15.364,1.211,0.201,12.098,70.014,126.343,13.684
2026-05-07 08:19:25,magpie_observed.csv,1.457924403736620481944921526,1.023,2.73,0.696,6.388,0.23,7.54,8.204,0.037,6.92,9.059,0.763,0.337,0.008,2.11,11.55,9.76,7.629,10.440,2.885,17.996,13.586,13.608,13.564,0.044,8.84,6.51,6.109,7.37,22.18,14.828,28.331,1.324,1.74,0.083,12.178,82.708,155.997,9.42
2026-05-07 08:19:26,magpie_observed.csv,3.282702104189786791258866002,0.851,2.537,1.773,0.924,0.835,7.09,7.629,0.04,7.45,15.735,0.873,0.681,0.039,11.65,11.05,9.52,6.914,5.562,5.411,5.712,4.178,1.208,7.149,0.037,7.22,7.13,4.032,7.55,11.173,33.864,55.396,12.333,1.733,0.182,12.208,47.572,80.713,14.432
2026-05-07 08:19:26,magpie_observed.csv,0.9282783050534309931589285422,1.075,2.88,0.325,6.829,0.91,7.38,8.243,0.044,7.57,20.526,0.861,0.499,0.044,1.16,10.55,9.35,2.785,4.671,1.897,7.445,8.780,4.826,12.733,0.086,6.76,6.68,2.617,7.48,21.625,17.288,25.935,8.641,1.567,0.029,12.264,83.830,161.303,6.357
2026-05-07 08:19:26,magpie_observed.csv,0.4424128474729434053513384352,1.147,1.955,5.238,4.476,0.805,6.6,5.78,0.22,7.02,14.341,0.888,0.378,0.024,11.55,10.72,10.52,3.481,11.216,18.199,4.232,7.718,5.949,9.488,0.097,7.54,7.26,7.116,7.24,6.843,13.103,17.378,8.828,1.192,0.061,12.063,125.580,235.641,15.518
2026-05-07 08:19:27,magpie_observed.csv,0.6940565083416732664806976945,1.169,1.236,2.211,1.778,0.434,7.62,8.039,0.195,6.67,20.063,0.671,0.168,0.016,1.4,11.5,10.41,2.238,11.954,19.529,4.378,13.662,13.324,14.000,0.01,8.81,5.81,1.641,7.17,12.912,19.178,25.885,12.47,1.383,0.17,12.297,44.636,81.845,7.428
2026-05-07 08:19:27,magpie_observed.csv,0.9448657621880022203456679112,1.292,2.433,5.858,7.295,0.773,7.31,9.051,0.125,7.1,25.347,0.407,0.432,0.013,2.09,10.69,9.39,6.437,6.304,7.316,5.291,2.975,3.561,2.389,0.233,8.64,7.2,3.66,7.57,17.978,40.486,64.065,16.908,1.774,0.198,12.099,106.786,202.409,11.162
2026-05-07 08:19:27,magpie_observed.csv,0.6545975503402866359140002889,1.166,2.989,4.645,6.121,0.929,7.13,13.405,0.112,6.64,19.695,0.608,0.638,0.004,11.64,10.92,11.32,4.979,10.839,19.885,1.793,6.154,2.648,9.661,0.233,9.43,6.2,3.336,7.55,21.012,21.916,34.125,9.707,1.484,0.226,12.036,91.066,175.86,6.273
2026-05-07 08:19:28,magpie_observed.csv,1.307233431411853785909364576,0.989,1.384,0.683,2.74,0.075,6.49,7.62,0.392,6.76,8.218,0.774,0.366,0.02,2.36,11.03,10.15,8.355,3.782,3.306,4.259,2.961,2.441,3.481,0.067,7.85,5.05,5.731,7.55,8.134,31.490,51.648,11.332,1.009,0.021,12.162,49.720,85.498,13.942
2026-05-07 08:19:28,magpie_observed.csv,1.627272975384259031747166556,1.316,2.277,3.482,6.34,0.711,6.28,12.368,0.06,6.79,11.537,0.477,0.689,0.009,1.9,11.32,9.28,10.55,5.812,7.313,4.311,8.910,5.959,11.86,0.055,8.44,6.17,4.241,6.88,19.195,25.682,33.376,17.989,1.725,0.212,12.012,91.329,178.087,4.571
2026-05-07 08:19:28,magpie_observed.csv,0.5821181234116265149352011532,0.772,2.612,1.485,7.636,0.463,7.6,15.157,0.062,7.23,21.567,0.741,0.648,0.018,1.61,10.54,10.44,5.748,8.116,7.436,8.796,7.376,5.852,8.9,0.067,9.23,6.09,6.181,6.66,10.824,26.124,51.288,0.961,1.277,0.301,12.279,73.138,141.935,4.342
2026-05-07 08:19:28,magpie_observed.csv,1.167940356419641185723222013,1.265,2.144,5.272,7.867,0.56,7.27,6.603,0.377,6.84,16.019,0.593,0.044,0.022,1.44,1.43,11.16,3.961,13.245,17.641,8.849,4.798,7.466,2.13,0.154,7.12,7.37,3.106,7.43,8.032,8.545,13.969,3.121,0.822,0.226,12.115,50.535,85.846,15.224
2026-05-07 08:19:29,magpie_observed.csv,1.042845987694265437312254512,1.036,2.6,1.826,1.396,0.846,7.71,11.04,0.191,6.94,15.126,0.803,0.444,0.048,11.61,11.88,10.74,3.184,15.315,13.647,16.983,9.068,7.758,10.377,0.147,6.57,5.89,0.838,7.59,16.111,28.034,51.3,4.767,1.423,0.342,12.23,51.017,88.946,13.088
2026-05-07 08:19:29,magpie_observed.csv,0.6110567369469821598861019590,1.081,0.538,2.932,6.152,0.03,6.83,4.134,0.25,7.29,11.011,0.459,0.438,0.016,2.37,11.94,9.31,6.746,6.838,6.453,7.224,0.464,0.497,0.431,0.123,7.95,5.46,7.438,6.71,7.348,38.783,72.674,4.892,1.111,0.082,12.013,64.874,125.168,4.581
2026-05-07 08:19:29,magpie_observed.csv,1.187538113575836812385326547,1.116,2.607,0.157,4.228,0.537,7.47,15.228,0.432,7.29,11.035,0.629,0.666,0.048,1.37,10.54,9.3,6.173,5.792,1.843,9.74,6.130,8.718,3.541,0.206,6.81,6.18,7.257,7.53,17.592,49.626,79.338,19.914,1.717,0.21,12.188,57.336,98.839,15.834
2026-05-07 08:19:30,magpie_observed.csv,0.5788491200146922357139796962,1.14,3.927,2.208,3.523,0.797,6.26,3.536,0.406,6.73,18.155,0.468,0.122,0.031,1.24,10.94,10.94,8.331,8.435,13.158,3.712,6.488,6.956,6.021,0.119,6.71,6.73,6.866,7.52,10.346,11.709,10.757,12.661,1.186,0.148,12.139,91.068,172.752,9.385
2026-05-07 08:19:30,magpie_observed.csv,1.531704872186071488791034332,0.777,3.942,2.739,5.33,0.71,7.15,8.364,0.12,7.25,25.447,0.849,0.274,0.022,11.6,11.14,10.25,11.223,17.098,14.53,19.667,8.912,4.97,12.855,0.132,7.17,6.44,2.706,7.46,19.087,12.950,17.791,8.108,1.38,0.277,12.013,48.408,82.853,13.962
2026-05-07 08:19:30,magpie_observed.csv,1.206922980279121609850006478,0.921,1.923,1.909,7.596,0.525,7.18,10.352,0.075,6.84,10.162,0.715,0.616,0.048,2.11,1.2,9.87,5.687,10.510,17.68,3.341,12.548,12.359,12.738,0.247,8.65,6.3,4.599,7.23,22.767,30.468,52.568,8.368,0.921,0.3,12.023,56.672,108.201,5.143
2026-05-07 08:19:31,magpie_observed.csv,36.92662471206415835276871868,1.336,0.829,0.078,0.207,0.317,7.01,11.459,0.054,7.59,9.582,0.523,0.397,0.026,11.63,1.39,10.1,9.931,1.154,0.727,1.582,5.156,2.046,8.267,0.207,8.1,5.29,2.574,6.71,8.836,44.612,73.608,15.616,1.517,0.055,12.024,72.577,134.681,10.473
2026-05-07 08:19:31,magpie_observed.csv,1.170977578733541026643838033,0.947,2.083,1.746,0.828,0.052,6.99,13.329,0.219,7.21,14.765,0.429,0.111,0.046,11.72,1.06,11.28,7.291,5.164,0.565,9.763,4.368,3.709,5.027,0.062,6.93,6.49,6.219,6.88,7.46,18.016,33.461,2.571,0.829,0.243,12.153,88.431,166.576,10.286
2026-05-07 08:19:31,magpie_observed.csv,0.5825988825415343107279466215,1.07,1.576,3.648,3.8,0.643,7.22,6.051,0.405,7.59,20.008,0.552,0.121,0.01,2.31,11.77,10.59,2.306,15.599,14.767,16.431,0.835,0.726,0.944,0.135,9.45,6.59,7.295,6.7,17.27,39.456,72.728,6.185,0.932,0.259,12.126,64.720,121.4,8.04
2026-05-07 08:19:32,magpie_observed.csv,0.6666228162004258066901742061,0.821,0.702,1.135,6.827,0.828,7.61,9.128,0.285,6.71,8.492,0.684,0.387,0.013,2.06,11.78,10.88,2.648,7.550,6.319,8.781,7.435,8.027,6.843,0.108,8.41,5.16,7.224,7.25,22.411,26.777,46.676,6.878,1.612,0.18,12.227,104.710,200.31,9.111
2026-05-07 08:19:32,magpie_observed.csv,1.047097670760059265007597405,0.989,3.123,5.245,0.853,0.273,7.65,6.122,0.238,7.41,11.145,0.432,0.177,0.017,1.88,10.6,10.4,6.972,12.172,19.307,5.038,10.666,13.125,8.206,0.123,7.64,6.44,1.805,6.92,14.989,12.403,22.393,2.413,0.919,0.087,12.158,115.659,223.078,8.24
2026-05-07 08:19:32,magpie_observed.csv,1.654135579560398327972430234,1.33,1.765,2.886,0.41,0.271,6.38,4.405,0.05,6.63,23.088,0.69,0.078,0.034,1.99,11.74,10.84,9.018,13.267,8.518,18.016,11.034,9.623,12.446,0.198,8.44,5.91,3.453,6.89,14.215,20.020,25.3,14.741,0.849,0.271,12.087,90.742,167.62,13.865
2026-05-07 08:19:32,magpie_observed.csv,1.445037660524568020654025765,1.327,3.541,1.515,4.137,0.422,7.29,5.465,0.073,7.46,7.222,0.603,0.524,0.018,11.7,11.87,10.19,6.627,10.810,11.875,9.745,1.428,2.218,0.637,0.243,7.33,5.5,6.66,6.68,13.231,15.640,12.659,18.622,1.721,0.065,12.279,102.750,189.662,15.838
2026-05-07 08:19:33,magpie_observed.csv,2.803893738071460262749134018,0.944,0.877,0.183,2.32,0.774,6.52,3.051,0.032,6.97,17.562,0.836,0.067,0.016,1.36,11.75,10.25,5.311,10.303,9.766,10.84,4.710,7.192,2.227,0.181,7.91,7.25,2.418,7.49,9.545,20.039,33.02,7.058,1.734,0.123,12.224,69.902,125.607,14.196
2026-05-07 08:19:33,magpie_observed.csv,0.4868266048729810063384667686,1.051,3.642,5.806,7.018,0.283,6.42,3.643,0.418,7.37,26.901,0.884,0.528,0.031,2.09,1.34,9.51,6.377,9.244,15.058,3.43,5.450,9.96,0.94,0.143,7.27,5.59,2.03,6.72,15.044,34.638,53.235,16.041,1.668,0.152,12.156,59.414,112.327,6.501
2026-05-07 08:19:33,magpie_observed.csv,2.242343688229010051293373021,1.146,2.263,3.937,3.187,0.418,7.39,15.34,0.093,7.08,18.511,0.643,0.539,0.021,1.08,10.83,10.62,7.833,9.363,9.516,9.21,6.716,10.322,3.111,0.103,9.07,5.48,2.464,7.53,9.35,46.994,78.846,15.143,1.757,0.219,12.033,120.279,225.331,15.227
2026-05-07 08:19:34,magpie_observed.csv,0.5595752337742453888158934744,0.896,0.96,0.149,3.819,0.406,7.71,12.486,0.442,6.71,21.658,0.487,0.696,0.02,1.14,10.99,10.28,6.841,11.558,10.256,12.861,4.661,4.792,4.53,0.071,8.01,5.12,3.744,6.97,9.506,30.923,45.274,16.572,1.29,0.116,12.123,62.606,118.832,6.379
2026-05-07 08:19:34,magpie_observed.csv,0.8205339541752739333666472225,0.941,1.122,4.323,5.495,0.917,6.63,14.623,0.159,7.51,24.539,0.397,0.054,0.04,1.36,1.2,9.44,3.09,11.512,7.02,16.004,1.429,1.005,1.853,0.226,8.91,6.91,3.993,6.86,7.317,44.048,71.303,16.793,1.552,0.234,12.269,72.750,141.49,4.011
2026-05-07 08:19:34,magpie_observed.csv,0.3948916840470469010518232627,1.166,2.888,5.534,1.277,0.308,7.55,10.282,0.197,6.71,19.45,0.641,0.196,0.037,1.5,11.93,10.73,11.85,8.112,11.951,4.274,0.558,0.762,0.355,0.141,8.2,5.93,5.106,7.51,10.444,27.832,49.981,5.682,1.219,0.055,12.139,49.832,87.914,11.75
2026-05-07 08:19:35,magpie_observed.csv,0.4978372617125610461211778063,0.995,2.843,2.016,6.072,0.347,7.11,11.859,0.019,7.15,25.555,0.881,0.08,0.022,2.37,11.25,11.31,8.11,8.738,2.656,14.821,6.247,5.58,6.914,0.072,6.51,7.46,6.509,7.19,7.28,12.248,18.177,6.319,0.952,0.06,12.247,120.671,229.826,11.516
2026-05-07 08:19:35,magpie_observed.csv,0.8094546598005311457788810026,0.799,0.82,2.852,3.639,0.106,7.72,9.305,0.327,7.2,11.18,0.679,0.229,0.004,1.69,1.16,9.48,4.467,6.385,5.095,7.675,13.246,13.74,12.753,0.158,8.41,7.42,6.098,6.76,7.538,16.153,21.966,10.34,1.044,0.21,12.227,107.485,203.777,11.193
2026-05-07 08:19:35,magpie_observed.csv,0.4595553667153806159664606748,1.016,3.074,1.762,0.241,0.172,7.38,7.614,0.253,7.11,23.178,0.537,0.207,0.023,2.02,10.77,9.32,6.693,11.478,18.37,4.586,2.558,3.621,1.494,0.224,8.75,6.07,1.274,7.58,11.206,23.987,32.193,15.781,1.294,0.199,12.298,77.324,148.769,5.879
2026-05-07 08:19:35,magpie_observed.csv,0.5565934039800220789015570624,1.103,2.534,5.249,0.334,0.467,7.57,14.459,0.227,7.25,25.343,0.678,0.32,0.006,11.71,1.27,11.25,6.868,4.494,4.247,4.741,7.488,1.896,13.079,0.183,8.65,5.44,3.009,7.5,22.489,39.832,75.267,4.397,0.851,0.102,12.249,112.460,212.539,12.382
2026-05-07 08:19:36,magpie_observed.csv,4.627788090991107015261695593,0.955,3.863,3.868,5.1,0.856,7.45,6.51,0.439,7.59,15.066,0.457,0.648,0.035,11.53,10.52,11.3,11.203,9.977,13.875,6.079,4.487,1.768,7.206,0.017,9.21,5.53,3.783,6.82,19.236,28.482,54.108,2.855,1.77,0.102,12.271,77.979,145.33,10.628
2026-05-07 08:19:36,magpie_observed.csv,0.8692400361284814239145434146,1.262,2.404,3.428,7.352,0.866,6.39,7.426,0.423,7.12,14.981,0.894,0.596,0.033,1.53,1.04,9.3,7.994,7.380,8.258,6.501,9.620,6.955,12.285,0.213,8.16,7.35,3.247,6.64,21.319,16.648,22.605,10.691,1.661,0.192,12.073,54.670,103.987,5.353
2026-05-07 08:19:36,magpie_observed.csv,0.5223535393017970383654699944,0.892,1.558,3.174,1.109,0.366,7.65,12.495,0.053,7.16,9.177,0.865,0.645,0.04,1.54,10.81,9.45,2.915,10.214,10.41,10.018,1.307,1.483,1.131,0.084,9.06,5.56,2.696,6.79,8.188,39.592,68.949,10.236,1.521,0.342,12.009,119.998,226.398,13.597
2026-05-07 08:19:37,magpie_observed.csv,0.7366956895810555292166589762,1.238,3.254,0.718,2.814,0.283,7.18,3.591,0.266,7.18,19.7,0.76,0.244,0.021,1.83,11.15,9.47,11.048,0.453,0.392,0.514,8.444,4.185,12.703,0.043,7.21,7.43,4.646,7.12,14.576,9.034,3.66,14.409,1.414,0.339,12.211,56.526,108.978,4.074
2026-05-07 08:19:37,magpie_observed.csv,1.083911197096354216339199211,1.233,2.689,0.427,0.639,0.044,7.37,11.238,0.431,6.82,12.39,0.634,0.231,0.047,11.72,10.72,10.47,3.325,13.118,9.158,17.079,5.988,2.415,9.562,0.146,7.25,5.92,1.549,7.57,15.707,40.730,63.769,17.692,1.496,0.227,12.116,102.678,201.063,4.292
2026-05-07 08:19:37,magpie_observed.csv,1.144667876453172145809007464,1.026,3.991,0.902,7.044,0.665,6.58,12.16,0.058,7.34,11.026,0.462,0.319,0.031,2.39,11.14,10.82,11.691,8.670,13.704,3.637,4.308,5.86,2.757,0.054,6.85,7.42,1.743,6.65,16.888,38.460,67.894,9.027,1.697,0.034,12.081,109.812,212.652,6.973
2026-05-07 08:19:38,magpie_observed.csv,0.6392936409318922592755926023,1.247,0.616,4.765,1.319,0.578,6.6,7.525,0.407,7.3,6.053,0.441,0.42,0.003,11.9,11.77,10.51,9.968,2.580,2.735,2.425,3.082,0.65,5.514,0.095,9.39,5.86,7.256,7.11,19.083,26.190,46.126,6.254,1.432,0.342,12.101,94.844,181.576,8.112
2026-05-07 08:19:38,magpie_observed.csv,0.6693661834112794727634795979,0.764,1.99,0.333,3.975,0.574,7.54,4.411,0.149,6.81,13.658,0.778,0.711,0.023,1.38,10.62,9.73,5.545,2.728,4.843,0.613,8.274,7.201,9.348,0.002,7.94,6.95,1.643,7.53,8.939,28.230,55.0,1.459,1.259,0.273,12.185,80.466,151.661,9.27
2026-05-07 08:19:38,magpie_observed.csv,1.031337587965101509660159546,0.793,2.747,3.911,3.348,0.227,7.37,4.531,0.282,7.28,12.959,0.413,0.183,0.044,1.92,10.74,11.15,3.083,13.260,18.874,7.647,4.876,1.212,8.54,0.14,6.69,5.8,1.572,6.75,18.104,11.986,6.328,17.644,0.85,0.19,12.271,97.656,181.102,14.211
2026-05-07 08:19:39,magpie_observed.csv,0.5208653707792296125224604602,1.189,3.091,4.363,6.403,0.627,7.68,15.435,0.08,7.33,20.261,0.626,0.295,0.044,2.45,11.02,11.38,3.731,4.646,6.953,2.339,5.699,5.749,5.649,0.053,7.13,5.06,6.896,7.15,21.986,36.574,56.207,16.94,1.557,0.177,12.144,44.414,84.764,4.065
2026-05-07 08:19:39,magpie_observed.csv,1.018434468726045325491545368,0.774,3.116,4.907,7.283,0.475,6.96,8.11,0.095,6.71,16.981,0.708,0.108,0.04,1.93,1.21,10.55,2.21,6.666,2.619,10.713,9.306,11.783,6.829,0.213,9.36,5.63,4.882,7.44,19.168,23.217,27.204,19.23,1.013,0.348,12.251,58.140,111.381,4.899
2026-05-07 08:19:39,magpie_observed.csv,0.4196252148576614858582376469,1.138,2.671,0.987,1.117,0.573,7.11,15.162,0.406,7.38,21.017,0.768,0.21,0.01,1.58,10.82,11.17,3.218,9.615,12.756,6.474,9.300,8.456,10.145,0.216,7.88,5.21,5.367,7.1,17.117,14.172,15.019,13.324,1.055,0.311,12.273,110.498,214.367,6.63
2026-05-07 08:19:39,magpie_observed.csv,0.4649931957381261625347313341,1.213,1.274,2.532,6.999,0.002,7.44,5.381,0.24,7.07,8.368,0.489,0.517,0.038,11.89,10.96,9.47,3.046,11.006,5.558,16.454,10.562,11.547,9.576,0.105,8.87,5.89,4.487,7.58,18.217,29.160,47.342,10.979,1.441,0.109,12.105,114.604,220.625,8.584
2026-05-07 08:19:40,magpie_observed.csv,0.8893259551104600844229493076,1.023,2.67,4.257,4.883,0.693,6.91,11.888,0.146,7.28,17.073,0.528,0.547,0.046,1.04,1.41,10.61,4.335,5.294,5.5,5.087,5.322,7.222,3.422,0.027,6.57,7.01,3.15,7.19,15.604,17.886,34.873,0.898,0.816,0.098,12.139,119.224,230.673,7.775
2026-05-07 08:19:40,magpie_observed.csv,0.4478529624838620714233116147,1.149,0.459,2.173,6.347,0.085,7.4,4.244,0.303,7.22,14.429,0.61,0.626,0.043,1.43,11.12,9.78,3.222,5.841,2.517,9.165,7.995,10.464,5.526,0.174,8.52,5.27,6.849,6.77,17.834,34.783,67.392,2.174,1.242,0.095,12.129,99.644,187.21,12.078
2026-05-07 08:19:40,magpie_observed.csv,0.8575352550581143517586695465,1.008,2.132,4.709,5.519,0.092,7.44,12.335,0.273,6.53,18.596,0.398,0.143,0.005,1.1,11.64,9.88,11.552,10.292,17.461,3.124,10.524,10.272,10.776,0.078,7.01,6.15,0.959,7.32,10.074,25.762,34.807,16.718,0.982,0.299,12.287,63.250,118.283,8.218
2026-05-07 08:19:41,magpie_observed.csv,1.426691755696692652492856470,0.773,0.894,4.59,0.025,0.747,6.25,9.207,0.213,7.46,13.018,0.805,0.545,0.018,2.29,10.59,9.58,8.46,13.374,14.127,12.621,5.228,3.359,7.096,0.103,9.45,7.01,2.742,6.79,11.428,19.589,30.139,9.039,1.536,0.235,12.014,68.380,132.287,4.473
2026-05-07 08:19:41,magpie_observed.csv,0.5915065394089449466917666064,1.198,1.28,4.299,3.184,0.54,6.45,4.81,0.128,7.24,21.804,0.723,0.124,0.042,11.8,1.29,9.54,9.837,5.271,4.188,6.354,11.296,11.324,11.269,0.085,8.0,5.09,6.183,7.53,11.051,20.316,21.808,18.823,1.15,0.224,12.155,74.864,141.978,7.75
2026-05-07 08:19:41,magpie_observed.csv,1.344587975503160402199099756,0.757,1.617,4.913,7.316,0.508,6.81,7.801,0.208,6.99,7.546,0.707,0.201,0.033,2.06,10.57,10.99,10.596,15.940,12.787,19.093,0.536,0.545,0.526,0.094,8.43,6.18,2.057,7.34,19.652,20.832,32.387,9.278,0.832,0.33,12.288,49.550,85.128,13.971
2026-05-07 08:19:42,magpie_observed.csv,0.5650212138226172819172680106,1.065,0.368,2.69,7.822,0.128,7.37,11.71,0.144,6.74,8.404,0.46,0.744,0.043,2.25,10.95,9.7,6.045,6.586,7.828,5.344,7.088,1.972,12.203,0.225,7.82,5.78,4.647,7.49,17.578,23.660,37.513,9.808,1.389,0.001,12.007,46.761,86.097,7.425
2026-05-07 08:19:42,magpie_observed.csv,1.501056479755176920565706400,1.13,0.988,2.129,5.214,0.254,7.6,4.789,0.354,7.15,15.351,0.89,0.53,0.033,11.93,10.55,10.84,8.199,4.038,2.298,5.777,4.308,4.260,4.355,0.2,6.65,6.97,3.845,7.39,7.259,1.114,0.945,1.284,1.618,0.056,12.244,91.240,172.44,10.041
2026-05-07 08:19:42,magpie_observed.csv,0.6845977028018157943621872613,1.206,2.828,5.971,6.547,0.63,6.59,7.972,0.42,7.59,15.403,0.434,0.714,0.006,2.01,11.07,11.03,11.406,5.863,11.223,0.503,0.835,0.919,0.751,0.045,6.93,5.21,5.451,7.04,11.959,15.669,14.728,16.61,1.339,0.314,12.016,78.968,150.837,7.098
2026-05-07 08:19:43,magpie_observed.csv,0.4111487545718978234545726896,0.84,0.907,2.743,6.963,0.17,6.3,6.438,0.406,7.46,23.492,0.635,0.738,0.009,1.03,1.26,11.41,7.13,14.794,17.311,12.277,9.617,9.489,9.745,0.117,7.6,5.48,6.508,7.31,22.569,30.441,48.835,12.047,1.331,0.306,12.276,119.394,233.46,5.328
2026-05-07 08:19:43,magpie_observed.csv,1.044978478221028999437902289,0.938,3.546,5.167,0.064,0.209,6.28,11.723,0.407,7.09,16.12,0.829,0.176,0.048,2.48,1.46,10.8,5.288,10.255,7.652,12.858,7.373,9.042,5.704,0.031,6.62,5.9,0.855,7.45,6.012,40.620,75.012,6.229,1.088,0.186,12.199,82.198,158.765,5.632
2026-05-07 08:19:43,magpie_observed.csv,1.877192173023896052119925912,1.12,0.629,2.729,4.23,0.228,6.38,6.27,0.035,7.12,9.976,0.593,0.275,0.018,1.6,11.83,11.31,7.797,12.408,15.855,8.961,10.060,8.668,11.452,0.023,8.45,6.17,6.956,7.1,19.795,16.506,24.49,8.521,0.819,0.286,12.203,101.512,187.294,15.731
2026-05-07 08:19:43,magpie_observed.csv,0.6479720845562325997518809356,0.934,3.807,3.561,6.714,0.25,6.68,12.536,0.41,6.58,26.129,0.446,0.43,0.017,1.77,10.91,10.66,6.56,6.166,10.66,1.672,11.595,10.149,13.041,0.049,7.41,5.59,1.67,6.85,16.847,17.274,31.741,2.808,1.206,0.067,12.071,68.811,129.826,7.796
2026-05-07 08:19:44,magpie_observed.csv,0.3783529400082466658677445899,0.886,1.687,2.77,5.155,0.088,7.06,12.921,0.243,6.63,19.635,0.456,0.437,0.02,2.32,11.68,10.9,8.137,11.204,4.293,18.114,4.741,6.707,2.775,0.238,7.59,6.65,2.09,7.45,15.478,38.330,56.676,19.983,1.126,0.29,12.284,58.103,105.643,10.563
2026-05-07 08:19:44,magpie_observed.csv,0.4537006394235447683021716448,1.147,3.371,4.33,4.807,0.339,6.52,10.945,0.333,6.92,8.046,0.774,0.041,0.017,11.9,10.58,10.34,11.125,14.618,14.137,15.098,2.256,1.431,3.08,0.123,7.04,6.95,5.176,7.1,13.865,19.758,36.767,2.748,1.225,0.075,12.107,113.040,213.2,12.881
2026-05-07 08:19:44,magpie_observed.csv,0.7021438756410367720398225853,0.846,1.284,1.93,2.602,0.37,7.43,3.219,0.448,6.61,22.91,0.522,0.005,0.011,1.64,1.16,10.66,11.028,11.826,12.798,10.853,4.959,5.006,4.912,0.209,8.93,7.17,4.167,7.15,21.803,3.998,2.167,5.829,1.361,0.119,12.082,48.905,83.423,14.387
2026-05-07 08:19:45,magpie_observed.csv,0.6944396174650670292811045534,0.971,3.543,2.985,1.764,0.225,7.39,14.442,0.298,6.8,7.633,0.699,0.189,0.036,1.62,1.02,9.81,5.134,11.311,13.231,9.391,11.166,11.177,11.155,0.242,7.75,5.9,3.869,7.44,14.707,9.122,8.582,9.662,1.461,0.007,12.171,111.212,215.296,7.127
2026-05-07 08:19:45,magpie_observed.csv,0.4405549356653819763127554321,1.186,1.141,0.63,4.825,0.895,6.67,11.945,0.444,6.75,26.225,0.62,0.122,0.034,1.0,11.28,10.31,6.979,2.660,4.45,0.869,6.415,6.389,6.441,0.224,9.24,7.48,5.682,7.04,22.271,17.064,30.095,4.034,1.128,0.051,12.151,58.758,102.411,15.105
2026-05-07 08:19:45,magpie_observed.csv,0.4302921890402533986557872078,0.776,3.872,5.463,5.494,0.611,7.14,14.169,0.112,6.64,23.166,0.749,0.687,0.046,1.55,11.54,10.81,11.341,10.696,11.45,9.942,3.026,4.59,1.462,0.247,7.47,6.05,4.327,7.34,10.269,30.732,53.867,7.596,1.133,0.31,12.1,93.262,171.669,14.856
2026-05-07 08:19:46,magpie_observed.csv,0.6767814186959464271487276916,0.973,1.976,1.869,3.054,0.325,7.08,13.71,0.243,7.61,19.726,0.415,0.662,0.016,11.8,11.88,10.44,4.981,16.078,16.788,15.369,7.278,9.287,5.27,0.02,8.62,6.38,5.455,6.79,11.86,39.536,72.87,6.202,1.649,0.318,12.24,54.462,93.959,14.966
2026-05-07 08:19:46,magpie_observed.csv,1.595221430253218032963804980,1.064,2.096,2.679,1.516,0.903,7.16,9.389,0.352,6.54,22.635,0.785,0.25,0.001,1.2,11.14,10.94,3.024,11.064,16.548,5.58,1.798,2.925,0.671,0.083,7.72,6.69,5.569,7.53,17.876,29.751,39.638,19.864,1.754,0.287,12.0,117.792,219.929,15.656
2026-05-07 08:19:46,magpie_observed.csv,0.5125595620927433570084788796,1.14,0.978,5.479,2.181,0.828,6.43,13.258,0.291,7.43,18.885,0.575,0.701,0.037,1.23,10.95,10.24,4.948,12.982,8.403,17.561,6.307,3.135,9.479,0.099,7.78,7.11,3.299,6.62,11.198,7.777,14.582,0.972,1.113,0.348,12.055,77.640,139.288,15.991
2026-05-07 08:19:46,magpie_observed.csv,1.277663574432200970935962535,1.209,0.887,3.002,6.525,0.936,7.17,10.737,0.401,6.68,6.261,0.683,0.048,0.01,2.39,11.54,11.06,7.255,14.836,13.114,16.558,6.732,4.881,8.584,0.094,8.19,6.32,7.947,7.18,10.774,43.784,74.8,12.769,1.553,0.268,12.095,105.897,197.722,14.072
2026-05-07 08:19:47,magpie_observed.csv,1.810784560810433584865227918,1.171,1.715,5.581,7.853,0.419,7.73,5.847,0.064,7.48,27.444,0.506,0.282,0.009,11.85,11.67,10.55,9.811,4.423,4.401,4.445,4.181,7.032,1.33,0.08,8.95,6.26,3.495,7.53,19.441,32.370,55.05,9.689,0.919,0.044,12.274,61.200,117.263,5.137
2026-05-07 08:19:47,magpie_observed.csv,0.8838866965118174022707172114,0.998,0.92,2.45,1.709,0.517,7.57,10.26,0.206,6.57,6.084,0.886,0.333,0.009,1.32,10.56,10.27,8.183,8.400,10.757,6.044,4.572,7.451,1.692,0.104,7.64,6.22,4.302,7.22,23.717,34.420,66.302,2.538,0.941,0.287,12.193,124.364,232.957,15.771
2026-05-07 08:19:47,magpie_observed.csv,1.024398416733721785947357426,0.958,1.087,5.205,5.869,0.421,6.38,12.39,0.312,7.52,22.319,0.847,0.362,0.047,2.25,10.51,9.43,11.06,11.438,3.715,19.162,11.020,11.947,10.094,0.245,8.89,5.79,0.85,6.99,6.698,19.248,36.741,1.755,0.976,0.219,12.049,66.680,120.693,12.667
2026-05-07 08:19:48,magpie_observed.csv,0.5476226946281735145021497216,0.759,0.958,1.006,0.037,0.035,7.61,7.27,0.395,6.86,25.537,0.615,0.288,0.032,1.02,11.1,11.41,7.119,5.737,8.215,3.259,4.949,8.733,1.165,0.123,8.42,5.3,0.83,6.8,13.114,12.630,9.529,15.73,1.356,0.281,12.091,69.003,127.068,10.938
2026-05-07 08:19:48,magpie_observed.csv,1.344916677646135918049962056,1.343,3.274,1.764,6.791,0.852,7.25,9.564,0.01,7.43,21.691,0.499,0.385,0.004,11.7,10.93,10.77,5.934,8.010,9.852,6.168,4.628,1.056,8.199,0.124,8.63,5.94,1.663,7.06,6.344,37.988,73.537,2.44,1.711,0.23,12.075,88.758,172.126,5.39
2026-05-07 08:19:48,magpie_observed.csv,0.4463412156763807866930842010,0.775,1.784,2.576,7.945,0.316,7.53,7.635,0.087,6.86,23.94,0.829,0.142,0.022,2.05,10.82,10.65,9.537,1.032,0.948,1.115,4.259,5.851,2.667,0.109,7.14,7.06,3.513,6.89,6.797,5.814,7.274,4.355,1.66,0.145,12.155,99.666,192.919,6.413
2026-05-07 08:19:49,magpie_observed.csv,0.4341109232099742796979208210,0.885,0.881,1.525,4.89,0.139,7.63,14.347,0.092,7.48,26.815,0.498,0.551,0.017,1.08,11.42,9.27,7.432,10.821,19.636,2.006,10.246,12.197,8.294,0.165,9.29,7.29,6.526,6.78,11.711,40.414,68.873,11.956,1.171,0.079,12.141,59.376,106.092,12.659
2026-05-07 08:19:49,magpie_observed.csv,0.2748274256368553225140266106,0.841,3.992,5.358,1.531,0.291,7.58,10.669,0.253,7.36,9.851,0.469,0.0,0.041,1.17,10.71,10.11,5.552,7.982,8.399,7.565,8.206,11.42,4.993,0.142,7.29,6.54,3.257,7.52,18.633,8.069,0.802,15.336,1.366,0.114,12.025,117.278,226.078,8.479
2026-05-07 08:19:49,magpie_observed.csv,1.012313632627558178495193136,1.33,1.321,2.533,5.18,0.261,7.72,4.842,0.13,7.36,11.058,0.795,0.35,0.01,1.94,1.22,9.56,9.441,14.253,15.463,13.043,12.036,11.793,12.28,0.09,7.29,6.37,5.53,7.49,21.685,22.347,41.518,3.176,0.928,0.14,12.053,79.316,144.993,13.639
2026-05-07 08:19:49,magpie_observed.csv,0.5088159787337069652535594827,0.859,3.542,4.514,0.561,0.497,7.22,15.315,0.262,7.61,19.746,0.68,0.367,0.033,1.6,11.9,9.94,9.815,6.720,12.021,1.418,10.916,10.493,11.338,0.165,6.72,7.26,3.245,7.53,22.756,21.077,37.245,4.909,1.238,0.014,12.177,104.952,198.778,11.126
2026-05-07 08:19:50,magpie_observed.csv,0.8928680631063121610116897657,1.26,3.629,0.61,0.076,0.137,7.2,15.092,0.194,7.34,16.028,0.73,0.259,0.04,1.64,11.74,10.42,2.069,10.404,14.699,6.108,7.282,7.833,6.73,0.029,8.11,6.87,6.849,7.04,15.182,19.422,30.56,8.284,0.836,0.215,12.205,89.206,171.286,7.125
2026-05-07 08:19:50,magpie_observed.csv,0.3673463105702504807164468509,0.763,3.488,3.055,1.236,0.235,6.25,9.966,0.138,6.74,24.281,0.872,0.035,0.022,2.0,10.88,11.28,11.737,1.828,3.2,0.455,12.156,11.834,12.479,0.121,8.31,5.3,6.253,7.13,17.665,17.690,28.662,6.717,1.455,0.159,12.109,72.790,132.644,12.937
2026-05-07 08:19:50,magpie_observed.csv,0.7258803621917064979812760449,1.301,0.55,4.624,7.033,0.846,7.28,7.153,0.114,7.24,18.535,0.485,0.219,0.01,1.59,11.61,10.51,5.294,9.720,5.327,14.112,5.728,6.440,5.017,0.173,7.12,5.38,2.13,7.07,17.077,33.186,54.699,11.672,1.62,0.129,12.14,98.444,181.519,15.368
2026-05-07 08:19:51,magpie_observed.csv,0.9284469100815789055775387315,1.166,3.171,4.556,4.645,0.067,6.51,11.727,0.325,6.63,7.237,0.513,0.61,0.018,1.71,1.04,10.14,9.075,2.938,1.662,4.214,7.056,7.539,6.572,0.143,8.8,5.41,4.324,7.48,9.935,43.104,69.629,16.578,1.49,0.035,12.257,68.758,127.348,10.169
2026-05-07 08:19:51,magpie_observed.csv,1.077358806439659547147055274,0.915,3.415,3.526,7.74,0.209,7.44,11.518,0.376,7.0,26.402,0.486,0.295,0.048,1.98,10.81,9.93,10.669,12.382,11.879,12.885,10.276,10.104,10.449,0.019,8.69,5.53,6.357,6.62,12.486,26.422,42.55,10.293,0.895,0.139,12.126,45.716,83.443,7.99
2026-05-07 08:19:51,magpie_observed.csv,2.924696032452441414689566103,0.813,0.262,5.217,5.401,0.165,7.41,13.386,0.428,7.43,15.844,0.835,0.528,0.02,1.94,10.58,11.11,3.676,15.363,18.286,12.44,1.736,0.767,2.706,0.078,6.57,6.83,6.377,7.38,17.665,45.213,77.669,12.757,1.533,0.014,12.216,50.582,89.206,11.959
2026-05-07 08:19:52,magpie_observed.csv,1.573103741549693120335467592,1.267,0.488,1.934,5.934,0.746,6.3,14.916,0.257,7.58,11.993,0.819,0.386,0.026,11.78,11.01,11.1,10.872,11.388,8.685,14.09,3.536,6.06,1.012,0.24,7.19,5.84,7.169,7.48,12.27,16.318,14.49,18.145,1.704,0.06,12.291,93.073,176.522,9.624
2026-05-07 08:19:52,magpie_observed.csv,0.5985734669887691491682402750,1.17,2.241,3.874,3.854,0.595,7.49,14.669,0.445,6.99,9.93,0.819,0.346,0.028,1.7,1.05,9.64,6.957,18.905,18.981,18.829,9.731,8.124,11.338,0.176,8.6,6.55,6.488,7.33,12.307,40.886,67.279,14.494,1.573,0.14,12.037,73.980,138.098,9.863
2026-05-07 08:19:52,magpie_observed.csv,1.128471698408888052485122441,1.195,1.754,1.14,2.567,0.868,6.52,9.637,0.325,7.47,25.054,0.555,0.681,0.009,1.29,10.8,9.96,2.624,10.098,18.199,1.996,6.778,3.498,10.059,0.073,7.4,5.52,6.5,7.28,19.531,34.250,66.459,2.04,0.821,0.002,12.068,56.534,104.274,8.794
2026-05-07 08:19:53,magpie_observed.csv,0.7720996110245937364657216302,1.159,2.468,4.766,1.48,0.433,7.21,12.328,0.099,7.25,24.931,0.663,0.623,0.016,1.76,1.12,9.81,9.003,3.439,2.334,4.544,9.000,12.764,5.236,0.072,6.87,6.5,7.262,6.7,23.953,23.310,39.983,6.636,1.392,0.22,12.078,80.330,154.514,6.145
2026-05-07 08:19:53,magpie_observed.csv,0.9651169781872053087662120679,1.167,0.66,0.503,2.049,0.799,7.03,5.849,0.037,6.88,25.066,0.63,0.386,0.022,11.72,11.31,9.98,3.179,14.016,14.805,13.226,3.041,3.726,2.356,0.231,7.02,6.85,4.387,7.54,17.089,28.675,42.077,15.273,1.524,0.112,12.084,120.892,226.578,15.206
2026-05-07 08:19:53,magpie_observed.csv,0.9728428969480453622975630540,1.249,1.556,1.728,7.799,0.35,7.02,4.592,0.113,7.37,14.086,0.505,0.014,0.006,1.28,11.25,9.61,2.958,6.532,6.265,6.798,6.411,2.6,10.222,0.206,8.36,6.87,1.818,6.63,16.539,16.961,18.649,15.273,1.018,0.193,12.087,110.800,215.757,5.843
2026-05-07 08:19:53,magpie_observed.csv,0.6372901698241060849827210453,1.031,3.653,3.364,1.27,0.196,7.05,5.614,0.014,7.46,18.004,0.615,0.264,0.019,2.13,1.08,10.35,11.215,14.018,12.981,15.055,7.126,12.105,2.148,0.084,9.49,7.46,6.529,7.42,21.764,29.274,55.166,3.381,1.505,0.009,12.074,116.613,222.506,10.72
2026-05-07 08:19:54,magpie_observed.csv,0.4598047649272401793582544836,1.066,3.718,4.101,2.861,0.242,7.33,13.735,0.168,7.05,12.956,0.498,0.615,0.032,2.38,11.08,11.31,9.75,15.934,14.444,17.424,7.724,4.769,10.68,0.154,8.74,5.49,7.737,7.52,12.656,29.706,54.748,4.664,1.547,0.214,12.115,122.354,236.677,8.031
2026-05-07 08:19:54,magpie_observed.csv,1.618013791873261650910315555,0.922,1.681,1.534,7.254,0.728,7.14,8.307,0.022,7.48,26.515,0.808,0.065,0.024,11.62,11.07,9.85,10.54,15.054,18.659,11.448,1.302,1.096,1.508,0.14,9.5,5.94,5.429,7.16,20.434,32.210,52.603,11.816,1.797,0.157,12.294,81.524,152.69,10.357
2026-05-07 08:19:54,magpie_observed.csv,1.381201417728558882544465891,1.074,2.308,3.337,4.114,0.52,7.02,12.137,0.33,7.62,6.822,0.664,0.019,0.015,1.98,1.22,10.21,2.801,7.031,11.994,2.068,8.054,3.136,12.971,0.156,8.57,6.28,4.864,7.58,19.145,37.696,63.892,11.501,1.661,0.16,12.082,64.398,116.311,12.484
2026-05-07 08:19:55,magpie_observed.csv,0.9344580372422696052382503395,1.016,3.18,5.001,2.901,0.947,7.55,13.356,0.293,7.28,15.229,0.531,0.439,0.01,2.37,10.62,11.13,11.056,3.307,5.952,0.662,6.063,8.307,3.819,0.072,6.82,7.38,7.138,7.56,6.022,20.948,38.238,3.658,0.93,0.327,12.238,49.280,93.551,5.009
2026-05-07 08:19:55,magpie_observed.csv,0.9429788563659750284092985542,1.007,1.962,4.484,0.644,0.264,6.78,8.176,0.136,7.11,13.816,0.44,0.652,0.01,2.36,1.17,11.36,10.807,11.492,14.149,8.834,8.924,6.722,11.127,0.188,6.9,7.02,7.005,7.08,16.323,28.350,39.038,17.661,1.096,0.34,12.027,84.786,155.742,13.83
2026-05-07 08:19:55,magpie_observed.csv,0.3622270149009289793031008194,0.911,3.162,2.889,6.061,0.446,7.62,3.658,0.221,7.17,14.309,0.647,0.089,0.012,1.5,11.36,10.67,11.72,13.198,14.403,11.993,9.658,9.754,9.561,0.147,7.03,5.72,3.934,7.11,6.83,39.932,71.294,8.571,1.195,0.289,12.069,50.609,96.603,4.615
2026-05-07 08:19:56,magpie_observed.csv,0.9084935164693381796075354852,0.961,0.377,0.905,4.266,0.69,7.37,7.185,0.29,7.61,17.831,0.71,0.023,0.003,11.83,11.56,9.67,7.398,4.258,3.640,4.876,8.187,12.765,3.609,0.178,7.19,6.71,2.474,7.44,19.951,42.925,77.478,8.372,1.504,0.026,12.059,96.206,184.477,7.934
2026-05-07 08:19:56,magpie_observed.csv,0.6381910951314012721728030099,1.18,2.013,4.564,0.065,0.61,6.72,4.155,0.183,6.59,19.137,0.672,0.384,0.046,1.08,11.54,9.28,4.097,7.784,3.481,12.087,7.048,8.047,6.048,0.001,7.69,6.67,6.075,7.02,8.594,31.798,60.834,2.763,1.106,0.241,12.085,121.706,229.242,14.17
2026-05-07 08:19:56,magpie_observed.csv,0.3338881884030463725648137962,0.91,0.592,5.992,3.532,0.217,7.3,6.091,0.083,6.54,20.862,0.554,0.016,0.007,1.29,10.99,9.84,10.281,6.722,8.922,4.522,9.898,9.329,10.468,0.237,7.03,7.23,2.784,7.42,23.75,29.820,53.425,6.216,1.608,0.313,12.105,66.777,123.732,9.822
2026-05-07 08:19:56,magpie_observed.csv,1.035406860956645857038471914,0.778,1.637,3.806,2.227,0.293,7.65,12.237,0.441,7.63,22.778,0.873,0.309,0.006,11.95,1.42,10.13,7.88,15.800,14.485,17.114,9.922,9.97,9.873,0.238,9.21,5.82,7.858,6.95,20.178,20.034,22.891,17.177,1.753,0.238,12.219,61.214,116.093,6.336
2026-05-07 08:19:57,magpie_observed.csv,1.464015359766494391140304128,0.876,0.892,1.326,4.845,0.239,6.38,8.849,0.194,6.72,20.651,0.824,0.353,0.033,1.51,11.41,11.02,10.187,5.910,8.06,3.76,3.259,3.187,3.331,0.182,9.19,6.97,3.236,6.7,7.694,23.110,45.033,1.187,0.811,0.214,12.192,76.744,145.284,8.203
2026-05-07 08:19:57,magpie_observed.csv,1.453919023434554635214821590,1.268,2.019,1.591,3.232,0.067,6.97,14.064,0.108,7.04,20.233,0.471,0.668,0.044,1.71,1.13,10.49,10.189,6.025,2.941,9.109,10.794,11.921,9.668,0.086,7.81,5.39,4.858,7.36,15.724,34.811,66.081,3.541,1.567,0.147,12.274,84.930,161.775,8.084
2026-05-07 08:19:57,magpie_observed.csv,0.4612531515875682518839693948,0.879,2.523,4.673,7.313,0.602,7.39,14.655,0.324,6.56,15.32,0.708,0.317,0.029,1.53,1.14,9.32,4.472,11.490,12.222,10.757,5.933,10.072,1.794,0.174,8.28,6.75,1.638,6.86,20.591,35.014,61.015,9.013,1.085,0.136,12.251,64.144,117.929,10.358
2026-05-07 08:19:58,magpie_observed.csv,1.426814560068403996188335410,0.78,1.153,0.376,1.579,0.665,6.81,11.419,0.449,7.02,11.686,0.645,0.49,0.04,2.35,10.88,10.82,8.909,18.248,17.127,19.368,7.774,8.985,6.563,0.026,7.83,5.13,2.833,7.58,9.739,16.862,20.991,12.732,1.787,0.158,12.033,54.390,103.06,5.719
2026-05-07 08:19:58,magpie_observed.csv,0.4299899142392833207319332248,1.004,1.725,2.031,6.121,0.585,7.02,7.681,0.193,6.8,13.686,0.435,0.403,0.03,1.54,1.02,10.87,6.721,10.906,2.708,19.105,10.394,10.502,10.285,0.249,8.54,5.78,1.267,7.56,11.975,11.894,10.239,13.55,1.216,0.303,12.225,53.817,96.261,11.373
2026-05-07 08:19:58,magpie_observed.csv,0.8468921709082813493668952882,0.924,3.086,1.696,7.054,0.523,7.49,4.759,0.058,6.95,23.418,0.61,0.409,0.01,2.19,1.05,9.97,4.991,14.660,15.33,13.991,12.440,13.476,11.405,0.216,8.12,6.83,0.908,7.28,11.234,12.204,16.766,7.642,0.968,0.044,12.271,81.853,158.867,4.839
2026-05-07 08:19:59,magpie_observed.csv,1.163505509152497050291801594,1.225,2.107,2.857,5.099,0.138,7.52,8.985,0.166,7.07,27.307,0.657,0.704,0.049,11.63,10.99,10.1,7.573,10.506,18.141,2.872,6.114,6.879,5.349,0.081,9.04,5.15,2.565,7.33,23.504,41.214,68.812,13.616,1.35,0.338,12.269,68.983,128.376,9.59
2026-05-07 08:19:59,magpie_observed.csv,0.6602112816709944016589660581,1.306,3.134,3.159,1.138,0.41,6.95,10.577,0.252,6.64,15.03,0.65,0.165,0.001,2.39,11.86,10.3,7.816,3.409,2.895,3.923,2.800,2.723,2.877,0.05,7.69,7.4,5.643,7.17,18.753,35.683,56.95,14.416,1.152,0.066,12.067,64.552,120.206,8.899
2026-05-07 08:19:59,magpie_observed.csv,1.356684419840344804548693028,1.138,3.076,1.613,3.457,0.206,7.48,10.683,0.049,7.55,26.099,0.474,0.266,0.048,1.52,10.84,9.46,4.951,17.856,19.808,15.904,3.070,2.714,3.427,0.034,6.81,7.28,3.411,6.81,10.919,13.498,17.449,9.547,0.982,0.148,12.27,52.004,97.844,6.164
2026-05-07 08:20:00,magpie_observed.csv,4.511140402415387471679555495,1.216,2.936,3.421,2.947,0.185,6.92,6.055,0.299,6.68,26.72,0.645,0.632,0.006,11.71,11.26,10.02,6.281,7.613,3.468,11.758,7.574,8.036,7.112,0.015,9.26,7.14,4.605,7.42,9.699,27.039,51.093,2.985,1.675,0.114,12.261,95.020,183.573,6.466
2026-05-07 08:20:00,magpie_observed.csv,0.7065899479760677326242472231,1.246,3.471,2.293,1.535,0.803,6.8,12.691,0.387,7.11,16.456,0.834,0.155,0.01,1.62,11.11,10.09,7.682,9.675,17.264,2.086,6.772,10.906,2.639,0.234,6.91,5.69,1.281,7.51,6.93,17.080,31.769,2.392,0.899,0.003,12.3,56.102,105.313,6.89
2026-05-07 08:20:00,magpie_observed.csv,0.9572682488279903237421990666,0.82,0.298,3.52,7.53,0.41,6.57,3.406,0.328,7.62,16.168,0.502,0.133,0.049,2.09,1.27,9.82,7.423,14.338,15.079,13.598,3.549,1.07,6.028,0.1,9.24,6.59,3.139,7.02,8.124,28.718,40.965,16.472,1.565,0.075,12.121,123.667,238.201,9.133
2026-05-07 08:20:01,magpie_observed.csv,0.9962716044961594272400311907,1.072,3.716,1.487,7.953,0.47,6.99,13.392,0.082,6.82,15.455,0.806,0.683,0.032,1.89,1.01,9.42,7.764,5.730,9.595,1.865,9.195,10.829,7.561,0.052,8.81,6.98,6.842,6.74,14.032,7.838,9.818,5.859,1.761,0.295,12.198,107.535,202.838,12.232
2026-05-07 08:20:01,magpie_observed.csv,0.7076542843519621734944307303,0.756,2.164,2.135,2.656,0.422,6.76,15.26,0.21,7.34,24.105,0.831,0.147,0.017,11.83,11.34,10.47,7.56,6.566,1.704,11.428,7.582,7.145,8.018,0.072,7.77,7.49,2.608,7.31,12.763,43.896,67.877,19.914,0.945,0.179,12.069,117.220,228.429,6.011
2026-05-07 08:20:01,magpie_observed.csv,1.969588362396702991550890756,0.751,0.695,4.078,2.184,0.369,7.47,8.85,0.355,7.39,18.947,0.825,0.099,0.002,1.87,1.11,10.09,10.012,9.282,14.996,3.567,2.082,1.774,2.39,0.21,9.17,6.23,1.465,7.47,9.827,10.860,1.748,19.973,0.934,0.035,12.262,84.544,161.985,7.103
2026-05-07 08:20:02,magpie_observed.csv,0.7675593452240950539145628772,1.005,3.232,1.679,0.259,0.675,6.63,4.671,0.189,6.59,10.888,0.82,0.166,0.02,11.78,1.39,10.57,6.775,1.470,1.511,1.430,3.454,5.519,1.388,0.207,8.58,5.52,5.563,7.17,21.73,18.462,30.293,6.632,1.54,0.073,12.285,56.078,102.363,9.793
2026-05-07 08:20:02,magpie_observed.csv,0.6181583765043597157478116353,0.925,3.966,5.728,2.869,0.784,7.57,14.606,0.317,6.84,22.445,0.728,0.064,0.043,2.31,10.79,10.11,8.61,11.205,19.787,2.623,3.390,4.867,1.914,0.071,7.83,5.38,2.451,7.51,7.865,38.030,61.857,14.203,0.928,0.255,12.263,92.676,175.127,10.224
2026-05-07 08:20:02,magpie_observed.csv,1.092479892855944884697833744,1.157,2.478,5.512,7.661,0.815,6.65,4.05,0.02,7.62,13.084,0.771,0.039,0.037,1.54,11.2,10.74,2.316,3.925,1.947,5.903,8.115,3.512,12.718,0.106,7.67,5.88,2.386,6.7,8.076,32.872,47.636,18.109,0.907,0.18,12.277,71.918,136.087,7.748
2026-05-07 08:20:02,magpie_observed.csv,0.3261374945264585374055156834,0.757,2.415,5.118,1.302,0.243,6.33,11.943,0.227,7.62,6.72,0.773,0.294,0.015,1.26,10.61,10.0,2.879,10.178,13.769,6.587,4.246,7.409,1.084,0.181,8.93,5.97,6.535,7.14,13.149,11.184,11.179,11.19,1.263,0.297,12.081,50.156,91.572,8.739
2026-05-07 08:20:03,magpie_observed.csv,1.559379390191964897807937379,0.843,2.35,4.965,6.453,0.49,7.42,6.85,0.401,6.67,17.316,0.789,0.663,0.022,11.67,1.2,9.74,9.344,14.930,18.473,11.386,4.463,2.069,6.857,0.025,6.7,6.03,7.153,7.01,11.247,30.014,50.046,9.982,1.745,0.163,12.273,78.220,150.81,5.629
2026-05-07 08:20:03,magpie_observed.csv,0.4078482593040791622536911779,0.924,1.466,1.768,3.753,0.332,6.63,8.999,0.214,7.56,25.345,0.857,0.193,0.046,2.26,10.79,11.18,8.941,14.800,9.914,19.687,11.834,11.065,12.604,0.149,8.29,5.08,4.411,7.42,6.38,31.269,42.865,19.673,1.622,0.003,12.158,123.376,239.961,6.79
2026-05-07 08:20:03,magpie_observed.csv,0.6104530780098574415671322125,1.132,2.553,2.671,0.591,0.664,6.51,5.316,0.249,6.85,7.768,0.445,0.701,0.04,1.51,1.36,9.37,10.13,11.511,16.207,6.815,4.464,3.079,5.849,0.107,7.1,5.4,6.579,6.64,23.992,33.904,55.978,11.831,1.123,0.124,12.041,61.538,115.166,7.911
2026-05-07 08:20:04,magpie_observed.csv,1.905165099422487649405418178,0.95,1.308,1.152,7.204,0.857,7.15,14.945,0.263,7.65,7.859,0.768,0.749,0.025,11.54,11.09,11.12,6.644,8.592,6.844,10.339,10.657,9.396,11.918,0.078,9.27,6.61,5.723,7.15,6.581,27.498,44.69,10.307,0.876,0.171,12.04,105.794,196.651,14.937
2026-05-07 08:20:04,magpie_observed.csv,1.034145086999923946662001608,1.024,2.619,2.762,5.247,0.793,7.49,4.04,0.364,6.87,20.689,0.855,0.52,0.013,11.96,10.63,9.46,6.115,15.080,17.173,12.987,9.010,11.122,6.897,0.198,8.99,6.54,4.746,6.91,11.426,44.259,78.814,9.704,0.95,0.28,12.066,69.538,126.177,12.898
2026-05-07 08:20:04,magpie_observed.csv,1.264705586027311810263587865,0.896,3.261,1.492,6.68,0.53,7.16,5.881,0.288,7.16,19.838,0.627,0.455,0.036,2.17,1.25,11.35,3.457,11.123,10.317,11.929,11.632,12.997,10.268,0.221,8.58,5.75,4.138,7.54,22.295,43.136,70.241,16.03,0.822,0.063,12.206,71.764,138.1,5.428
2026-05-07 08:20:05,magpie_observed.csv,1.357774135703931606252604662,0.752,1.729,3.637,5.997,0.722,7.04,10.528,0.224,6.97,9.148,0.446,0.131,0.038,1.82,1.4,10.39,11.056,11.618,4.474,18.761,12.902,12.863,12.941,0.022,7.91,6.07,5.403,6.74,15.826,33.684,60.11,7.258,1.651,0.043,12.119,58.613,107.037,10.189
2026-05-07 08:20:05,magpie_observed.csv,1.141755680818570388322232281,0.923,1.314,0.752,1.835,0.167,7.52,13.23,0.176,7.26,20.245,0.548,0.676,0.02,2.1,11.15,11.38,4.396,8.094,7.029,9.160,3.259,5.783,0.735,0.115,8.26,6.22,1.642,7.01,6.124,4.432,2.765,6.098,0.946,0.202,12.079,68.192,131.177,5.206
2026-05-07 08:20:05,magpie_observed.csv,0.4690684340422953698690542442,1.28,0.56,0.608,0.642,0.218,6.76,13.665,0.441,6.65,15.832,0.801,0.51,0.028,11.84,10.56,10.93,2.955,12.906,10.418,15.393,6.628,5.202,8.053,0.027,8.65,6.31,0.917,7.04,19.334,20.100,22.881,17.319,1.175,0.208,12.157,91.981,178.125,5.837
2026-05-07 08:20:06,magpie_observed.csv,0.5365184330451912221491039275,1.219,2.569,4.216,7.022,0.431,7.31,8.531,0.413,7.58,19.963,0.811,0.516,0.034,11.84,10.62,10.94,5.952,12.278,9.975,14.582,9.634,11.012,8.256,0.076,9.26,5.91,5.144,7.06,10.781,25.648,36.498,14.799,1.043,0.191,12.04,118.028,230.066,5.991
2026-05-07 08:20:06,magpie_observed.csv,0.4996170958571502020870685006,0.806,1.205,4.481,5.424,0.309,7.75,8.655,0.263,7.32,24.457,0.788,0.674,0.031,1.29,10.97,11.47,10.617,5.511,3.717,7.305,4.392,1.78,7.005,0.202,7.58,7.17,7.544,7.0,15.205,11.391,6.285,16.497,1.757,0.045,12.04,87.537,167.906,7.168
2026-05-07 08:20:06,magpie_observed.csv,0.6217384567047317846655170148,1.296,3.303,4.029,4.943,0.626,7.73,15.732,0.262,7.08,7.955,0.475,0.251,0.031,1.81,11.85,9.3,2.294,16.574,17.401,15.746,6.706,12.96,0.451,0.172,6.63,6.58,5.923,6.79,16.162,9.760,4.833,14.686,1.572,0.11,12.286,63.245,121.635,4.855
2026-05-07 08:20:07,magpie_observed.csv,0.5660318955258570097308728025,1.099,3.03,0.193,4.884,0.535,6.74,6.588,0.316,6.56,24.445,0.451,0.16,0.02,11.87,10.62,10.28,3.979,12.495,7.731,17.259,10.201,10.512,9.89,0.242,9.43,6.36,3.459,7.2,14.664,40.674,77.223,4.124,1.211,0.247,12.106,100.066,193.493,6.639
2026-05-07 08:20:07,magpie_observed.csv,0.9438952238378486737890757581,0.797,2.393,2.029,0.411,0.539,7.58,12.819,0.224,7.62,22.57,0.835,0.606,0.015,11.94,11.31,9.84,9.411,11.874,8.946,14.803,8.100,2.6,13.601,0.191,9.16,6.91,1.221,7.51,16.187,41.210,71.172,11.249,1.745,0.269,12.084,126.113,236.722,15.504
2026-05-07 08:20:07,magpie_observed.csv,0.8862775370183189625964479069,1.296,2.335,2.368,6.737,0.786,7.6,4.278,0.239,7.11,27.561,0.806,0.713,0.015,1.08,11.01,10.3,4.618,6.510,2.289,10.732,4.922,9.469,0.374,0.12,8.86,6.02,3.563,6.82,19.916,15.690,13.547,17.834,1.467,0.05,12.236,105.822,197.987,13.658
2026-05-07 08:20:07,magpie_observed.csv,0.7258429003536368160981785965,1.081,2.088,0.075,7.716,0.889,7.3,3.006,0.2,7.48,9.418,0.67,0.229,0.005,2.06,1.04,10.65,4.731,15.236,17.29,13.183,7.793,6.449,9.137,0.196,7.39,5.3,6.267,7.01,11.659,11.090,11.995,10.185,1.405,0.051,12.26,124.084,239.31,8.859
2026-05-07 08:20:08,magpie_observed.csv,0.5031055648387622980502114720,1.226,3.706,0.174,2.828,0.314,6.42,3.389,0.012,7.56,10.377,0.71,0.649,0.045,1.79,1.33,10.38,2.869,15.433,11.765,19.101,4.872,4.525,5.22,0.171,6.74,6.1,3.256,7.33,22.896,39.898,79.054,0.742,1.017,0.256,12.276,79.082,147.747,10.418
2026-05-07 08:20:08,magpie_observed.csv,0.4473648622666635154083636895,1.339,1.759,0.585,7.186,0.671,7.44,6.862,0.283,6.53,20.425,0.5,0.449,0.049,11.87,10.51,9.98,7.852,5.238,6.432,4.043,11.466,11.042,11.889,0.248,9.08,6.32,3.281,7.16,11.675,25.748,42.571,8.925,0.885,0.065,12.02,95.165,174.698,15.632
2026-05-07 08:20:08,magpie_observed.csv,0.5932081884664082732031280202,1.039,1.173,1.195,6.951,0.225,6.36,14.087,0.193,7.02,24.752,0.677,0.682,0.006,1.25,10.68,9.38,4.772,14.040,8.63,19.45,3.020,4.925,1.115,0.201,6.68,5.58,1.723,7.2,17.763,7.636,6.477,8.794,1.416,0.076,12.277,94.475,179.618,9.332
2026-05-07 08:20:09,magpie_observed.csv,1.156840929469707373968791794,1.301,2.381,5.523,3.273,0.064,7.57,15.844,0.025,7.48,17.441,0.675,0.421,0.047,11.57,1.28,9.42,8.473,18.316,19.268,17.363,8.418,10.078,6.758,0.113,7.65,6.84,6.397,6.75,16.214,42.851,66.688,19.014,1.701,0.041,12.2,116.958,226.424,7.492
2026-05-07 08:20:09,magpie_observed.csv,1.334773862029967237633473041,1.331,2.338,0.95,2.355,0.668,6.53,15.683,0.407,6.95,6.64,0.581,0.225,0.022,2.32,11.83,9.85,2.616,9.466,16.866,2.067,4.820,7.312,2.328,0.037,9.16,6.53,4.279,7.3,6.387,13.301,14.234,12.368,1.636,0.291,12.081,110.287,209.239,11.335
2026-05-07 08:20:09,magpie_observed.csv,0.4310690847999732680122416865,1.261,2.938,5.589,5.621,0.87,6.32,8.36,0.105,6.54,10.019,0.675,0.622,0.048,1.31,11.64,10.14,5.972,7.950,5.954,9.946,6.566,10.579,2.552,0.243,8.78,6.71,2.3,7.32,16.777,9.307,9.065,9.549,1.181,0.211,12.235,114.506,220.542,8.471
2026-05-07 08:20:10,magpie_observed.csv,0.6157716069215869573456570630,0.831,0.95,4.388,1.7,0.097,7.7,15.091,0.289,6.82,25.833,0.434,0.686,0.022,2.42,11.71,9.37,9.128,2.106,1.584,2.629,8.140,8.946,7.334,0.035,6.76,5.85,3.063,7.18,22.211,18.499,34.205,2.793,1.456,0.247,12.283,122.660,235.481,9.839
2026-05-07 08:20:10,magpie_observed.csv,0.8408739519580370827576574681,0.998,3.117,1.816,4.41,0.394,7.68,9.642,0.361,7.56,21.434,0.799,0.017,0.024,1.49,11.25,11.26,7.51,12.466,16.33,8.601,6.544,9.078,4.009,0.22,6.72,5.29,4.213,7.6,16.348,16.360,15.828,16.893,1.482,0.29,12.121,65.188,115.698,14.677
2026-05-07 08:20:10,magpie_observed.csv,0.3936232286899197126231725675,1.261,3.652,5.805,3.407,0.783,6.48,13.122,0.238,6.66,19.662,0.517,0.293,0.046,11.78,1.49,9.44,5.55,9.570,4.246,14.893,6.687,9.407,3.967,0.223,7.6,5.08,2.322,6.94,19.485,39.553,60.73,18.376,1.457,0.146,12.228,108.096,208.269,7.924
2026-05-07 08:20:11,magpie_observed.csv,1.296871894494776885924790297,1.225,0.479,5.897,0.031,0.125,6.54,7.768,0.005,7.2,19.064,0.556,0.503,0.027,2.06,11.91,11.27,10.012,16.384,13.972,18.797,4.585,2.812,6.358,0.022,9.36,5.32,2.898,6.95,8.994,31.868,58.921,4.814,1.475,0.232,12.024,79.249,143.286,15.212
2026-05-07 08:20:11,magpie_observed.csv,0.5462127724899345646205883324,0.983,2.248,5.981,1.143,0.537,6.71,5.378,0.371,6.63,12.581,0.484,0.714,0.005,1.1,11.75,9.85,6.694,3.224,2.534,3.915,10.016,12.644,7.388,0.129,7.49,7.47,7.6,6.94,14.467,12.942,13.585,12.298,1.035,0.248,12.219,108.871,202.274,15.468
2026-05-07 08:20:11,magpie_observed.csv,0.2941059212983497320354528718,1.025,1.963,5.378,2.414,0.129,7.67,4.023,0.102,7.01,11.306,0.73,0.041,0.038,1.12,11.57,10.88,11.83,8.148,9.763,6.533,9.792,9.641,9.942,0.141,7.93,5.3,4.516,7.32,13.659,9.924,11.36,8.489,1.401,0.256,12.008,60.765,109.979,11.551
2026-05-07 08:20:11,magpie_observed.csv,0.7307919177545949074195220919,1.06,3.845,1.609,1.592,0.462,6.99,14.522,0.377,7.28,16.467,0.808,0.449,0.036,1.84,11.13,11.06,7.034,8.034,8.479,7.589,2.696,3.010,2.383,0.017,9.32,6.52,4.455,7.07,7.892,37.760,62.246,13.274,1.655,0.251,12.007,113.138,218.811,7.466
2026-05-07 08:20:12,magpie_observed.csv,0.9902352654242517794714574133,1.02,1.173,5.095,3.511,0.201,6.26,15.457,0.24,7.12,25.362,0.672,0.326,0.022,11.94,10.68,10.59,8.613,16.584,14.438,18.729,9.576,13.907,5.245,0.21,8.36,6.94,6.318,7.09,13.066,13.898,23.093,4.702,1.651,0.344,12.122,58.316,102.76,13.871
2026-05-07 08:20:12,magpie_observed.csv,0.6058217701943530189152718298,0.902,0.943,3.146,0.66,0.246,6.77,11.692,0.322,7.63,27.565,0.497,0.457,0.049,2.26,11.92,10.69,5.098,8.190,10.823,5.556,6.512,6.742,6.282,0.137,9.4,6.92,1.14,7.41,22.778,5.296,6.461,4.13,1.337,0.153,12.096,46.721,89.33,4.112
2026-05-07 08:20:12,magpie_observed.csv,0.5525752839704477428864338471,1.334,2.552,2.537,0.262,0.391,6.73,11.379,0.376,6.79,8.875,0.706,0.506,0.017,1.66,11.92,10.41,3.049,19.147,18.615,19.679,4.656,2.286,7.025,0.165,8.92,6.41,6.058,7.21,20.17,28.499,37.727,19.271,1.333,0.285,12.283,114.530,217.408,11.652
2026-05-07 08:20:13,magpie_observed.csv,0.6902614954151194149846661469,0.816,2.195,5.12,5.46,0.04,7.13,6.793,0.321,7.28,7.515,0.673,0.446,0.023,11.73,10.87,11.4,8.778,11.700,11.932,11.469,4.830,4.066,5.593,0.212,8.05,7.06,7.472,6.78,19.863,13.892,22.207,5.577,1.711,0.343,12.068,79.938,151.749,8.128
2026-05-07 08:20:13,magpie_observed.csv,0.6655135772579730877930844972,0.89,2.148,4.55,1.166,0.444,7.15,3.82,0.317,7.14,23.216,0.516,0.578,0.033,1.32,10.5,10.72,3.748,11.598,9.266,13.929,7.114,10.626,3.601,0.124,9.08,6.68,7.733,7.1,13.751,7.913,12.408,3.418,1.452,0.273,12.242,77.484,140.876,14.091
2026-05-07 08:20:13,magpie_observed.csv,1.750132896301532121982913260,1.168,0.835,4.8,6.738,0.424,6.45,6.489,0.036,6.86,27.23,0.598,0.617,0.003,1.49,11.27,10.56,8.864,11.758,6.753,16.762,12.522,12.321,12.722,0.083,6.76,6.99,6.576,7.52,13.91,41.269,77.681,4.857,1.66,0.105,12.161,121.378,236.445,6.312
2026-05-07 08:20:14,magpie_observed.csv,1.266487809496403841722030619,0.791,2.762,3.731,4.105,0.53,6.96,3.315,0.241,6.74,12.622,0.453,0.425,0.004,1.39,11.76,10.5,4.556,8.650,7.316,9.985,5.686,7.197,4.174,0.093,7.55,7.49,1.941,6.73,10.123,36.620,62.823,10.418,1.662,0.07,12.083,117.802,226.117,9.487
2026-05-07 08:20:14,magpie_observed.csv,0.7649776887052883484222010311,0.926,0.831,3.024,0.942,0.529,6.74,7.463,0.42,6.97,24.432,0.56,0.253,0.013,2.21,1.28,11.46,2.788,12.846,17.316,8.376,7.981,12.907,3.055,0.073,7.72,7.19,6.356,7.16,23.072,29.276,57.49,1.063,1.459,0.044,12.095,88.239,161.85,14.628
2026-05-07 08:20:14,magpie_observed.csv,1.378729744307500863000780765,1.013,0.287,3.486,4.032,0.627,6.52,12.287,0.189,6.97,23.045,0.818,0.615,0.027,1.91,1.49,10.28,4.502,13.706,10.218,17.194,11.684,13.068,10.299,0.246,6.92,7.31,4.323,6.82,7.747,36.610,55.135,18.085,0.865,0.269,12.191,102.429,200.221,4.637
2026-05-07 08:20:15,magpie_observed.csv,2.873313405652420269297562439,0.807,0.394,3.849,5.917,0.748,7.31,4.656,0.307,6.93,15.375,0.858,0.168,0.03,1.47,11.81,10.6,5.037,12.796,17.766,7.826,8.146,8.889,7.402,0.073,8.52,7.38,2.322,7.36,12.46,32.606,63.269,1.943,0.977,0.07,12.077,121.934,237.161,6.706
2026-05-07 08:20:15,magpie_observed.csv,1.270993267222303271641509800,1.213,2.749,0.997,6.499,0.725,6.91,7.582,0.424,7.65,8.826,0.688,0.412,0.036,1.75,11.75,10.05,6.824,5.316,5.818,4.815,4.080,3.771,4.388,0.141,8.67,5.95,1.871,6.96,22.21,25.884,51.278,0.491,1.659,0.229,12.288,115.278,220.38,10.175
2026-05-07 08:20:15,magpie_observed.csv,1.509923966841110748295419408,0.91,0.492,0.794,5.124,0.063,7.52,6.331,0.338,7.02,24.634,0.662,0.561,0.037,2.46,10.64,9.94,2.419,11.081,6.281,15.881,6.668,1.45,11.887,0.044,7.69,5.08,3.145,6.65,13.076,44.559,73.701,15.417,1.037,0.286,12.192,71.670,130.963,12.378
2026-05-07 08:20:15,magpie_observed.csv,1.097585568082465342133593184,1.192,3.79,2.163,5.537,0.617,7.65,7.882,0.134,6.6,23.343,0.877,0.555,0.028,11.56,11.77,10.64,9.327,8.056,12.609,3.502,9.644,7.045,12.244,0.184,7.08,6.38,7.464,7.58,21.112,20.330,25.011,15.65,1.237,0.274,12.204,115.409,221.036,9.782
2026-05-07 08:20:16,magpie_observed.csv,1.843838316492102490219781608,1.333,3.478,3.848,6.815,0.141,6.87,4.936,0.272,7.45,21.474,0.845,0.27,0.02,1.01,11.78,11.21,7.233,8.112,7.815,8.410,9.144,4.831,13.456,0.165,6.54,6.93,1.026,6.95,15.579,33.126,52.886,13.366,1.634,0.307,12.039,53.618,98.828,8.409
2026-05-07 08:20:16,magpie_observed.csv,0.4286845787761057322195246940,0.978,1.159,3.848,3.761,0.865,7.06,11.484,0.129,7.52,17.49,0.572,0.462,0.044,2.42,11.95,10.96,10.786,11.985,5.979,17.991,3.036,3.658,2.413,0.128,7.87,6.81,2.521,6.74,6.981,41.788,77.51,6.067,1.31,0.292,12.141,107.675,210.327,5.023
2026-05-07 08:20:16,magpie_observed.csv,0.7200478883263188918165135688,1.216,2.692,2.551,2.775,0.525,7.22,7.606,0.143,7.12,11.317,0.669,0.154,0.036,2.08,10.76,10.92,5.867,7.203,10.435,3.971,8.370,4.079,12.661,0.17,9.29,5.76,5.004,6.99,12.514,31.794,53.694,9.893,1.659,0.323,12.168,106.124,203.41,8.838
2026-05-07 08:20:17,magpie_observed.csv,0.3230423094613622277157308260,1.18,2.359,0.394,6.101,0.928,6.98,3.95,0.241,7.27,25.129,0.495,0.258,0.007,11.84,1.13,9.96,9.104,7.932,14.233,1.63,10.853,10.954,10.752,0.183,8.8,5.45,2.086,7.0,18.01,29.866,39.985,19.746,1.089,0.137,12.073,56.848,97.908,15.788
2026-05-07 08:20:17,magpie_observed.csv,1.897714148547398817706752924,0.893,2.652,3.593,1.233,0.236,6.75,4.973,0.033,7.6,23.166,0.685,0.272,0.048,1.33,11.19,11.1,10.756,12.350,15.443,9.257,11.766,9.668,13.865,0.069,7.55,6.34,4.89,6.82,23.408,24.519,46.997,2.041,1.787,0.203,12.026,87.849,163.823,11.875
2026-05-07 08:20:17,magpie_observed.csv,0.7462529779782502973523249654,1.112,1.182,5.901,6.622,0.498,6.6,12.354,0.135,6.83,10.796,0.825,0.282,0.034,1.83,11.97,10.8,4.17,8.092,8.324,7.861,8.092,5.382,10.802,0.141,9.4,7.03,3.305,7.52,9.555,10.184,14.384,5.983,0.91,0.095,12.229,57.746,100.428,15.063
2026-05-07 08:20:18,magpie_observed.csv,1.059889586342195255111042438,0.968,2.264,1.292,0.096,0.674,6.26,6.578,0.344,7.39,6.368,0.82,0.014,0.03,1.03,11.44,9.53,5.663,6.850,9.37,4.331,9.090,7.945,10.236,0.182,8.71,6.95,2.556,6.73,20.997,39.284,68.038,10.529,0.802,0.076,12.14,94.846,185.335,4.356
2026-05-07 08:20:18,magpie_observed.csv,0.4361571337453344906178375810,0.996,3.036,3.469,0.458,0.217,6.64,14.431,0.372,6.75,27.702,0.679,0.038,0.007,2.46,11.78,9.88,3.915,8.718,13.11,4.325,11.168,10.96,11.377,0.172,7.53,5.95,2.954,7.59,6.745,32.944,56.472,9.417,1.103,0.008,12.276,50.194,90.547,9.842
2026-05-07 08:20:18,magpie_observed.csv,0.4453690220631423130108961107,1.205,3.779,5.152,4.028,0.905,6.39,3.2,0.441,6.99,10.387,0.514,0.687,0.001,1.17,11.85,9.36,9.824,11.050,3.214,18.886,1.248,2.049,0.447,0.093,8.03,6.88,4.874,7.0,6.782,31.174,45.396,16.953,1.262,0.066,12.232,103.397,200.061,6.733
2026-05-07 08:20:19,magpie_observed.csv,0.6729046388396021359229708304,1.018,0.856,0.301,3.928,0.352,7.54,6.0,0.255,7.06,22.818,0.666,0.584,0.049,2.26,10.91,10.39,5.408,12.179,7.465,16.893,1.592,0.54,2.644,0.181,6.7,5.98,4.569,6.67,22.099,38.252,68.283,8.22,1.689,0.209,12.114,104.666,199.207,10.124
2026-05-07 08:20:19,magpie_observed.csv,1.184284985671681839849046436,1.01,1.564,5.084,2.108,0.547,7.2,4.099,0.396,7.39,18.262,0.565,0.695,0.036,1.08,11.59,9.29,11.52,14.274,18.423,10.125,5.138,7.122,3.154,0.041,8.78,7.13,1.743,7.34,6.928,35.940,68.249,3.63,0.814,0.041,12.195,119.105,230.841,7.369
2026-05-07 08:20:19,magpie_observed.csv,0.5088609517011127049019620361,0.85,2.246,5.369,2.371,0.041,6.56,9.713,0.167,7.39,21.037,0.544,0.425,0.042,1.87,10.87,10.85,10.977,11.952,15.674,8.229,12.578,13.404,11.752,0.054,9.04,5.48,3.999,7.04,22.796,40.240,65.837,14.642,1.489,0.212,12.253,44.544,82.43,6.658
2026-05-07 08:20:19,magpie_observed.csv,0.7134448268935459320144991620,1.259,0.588,5.722,2.235,0.578,7.27,5.284,0.002,7.23,18.657,0.497,0.671,0.049,2.0,1.17,9.97,10.945,6.946,7.845,6.047,5.970,0.405,11.535,0.212,8.15,6.47,2.715,7.03,11.106,13.865,22.987,4.743,1.524,0.286,12.146,116.752,217.636,15.869
2026-05-07 08:20:20,magpie_observed.csv,0.8672244489448536538223207408,0.798,3.463,0.551,2.185,0.923,7.34,11.823,0.204,6.86,7.174,0.47,0.154,0.047,11.53,11.78,9.85,9.487,4.814,8.135,1.493,10.602,9.147,12.057,0.224,7.51,5.5,1.171,7.29,19.827,4.943,2.618,7.268,1.703,0.329,12.091,44.090,80.05,8.13
2026-05-07 08:20:20,magpie_observed.csv,0.4950430331851518625639745450,1.175,1.287,3.096,0.386,0.416,7.58,6.054,0.218,7.05,18.121,0.578,0.043,0.022,11.85,1.28,10.87,2.308,7.103,5.999,8.207,10.962,11.817,10.108,0.219,8.39,6.01,4.521,7.22,17.581,40.390,66.341,14.44,1.658,0.301,12.163,80.168,149.343,10.994
2026-05-07 08:20:20,magpie_observed.csv,0.7361006401765053287181416210,0.793,1.106,1.481,1.65,0.48,6.61,13.318,0.225,6.65,17.79,0.441,0.278,0.034,2.04,11.46,9.71,5.277,9.274,16.467,2.08,7.616,1.432,13.8,0.077,9.04,5.03,7.75,7.19,14.675,28.915,53.929,3.901,1.047,0.112,12.213,77.692,140.112,15.272
2026-05-07 08:20:21,magpie_observed.csv,0.4559367349807426156493566691,0.854,2.813,0.753,4.283,0.146,6.25,3.844,0.285,7.5,10.173,0.648,0.219,0.015,11.71,1.13,9.84,5.435,9.036,13.203,4.87,6.446,1.035,11.857,0.203,8.79,7.4,0.835,7.45,6.004,18.146,20.355,15.937,1.563,0.34,12.185,75.848,137.512,14.184
2026-05-07 08:20:21,magpie_observed.csv,0.3952909766419540675150703599,1.311,2.544,4.58,1.779,0.581,6.53,11.504,0.363,7.22,27.664,0.401,0.307,0.005,1.8,11.83,10.8,6.463,1.900,2.061,1.738,6.772,5.473,8.072,0.159,9.19,5.58,2.955,7.2,23.899,22.771,35.149,10.393,1.222,0.151,12.048,85.104,161.571,8.636
2026-05-07 08:20:21,magpie_observed.csv,2.260740294842177904829399869,1.1,3.368,4.369,2.595,0.457,6.99,8.376,0.039,7.08,8.808,0.829,0.227,0.019,1.3,1.16,9.84,7.762,5.597,4.734,6.460,11.736,11.441,12.03,0.074,8.18,6.15,4.762,7.52,6.773,17.734,25.801,9.666,1.747,0.108,12.001,78.700,144.56,12.84
2026-05-07 08:20:22,magpie_observed.csv,0.3798324156520557278756820638,0.801,1.077,3.048,6.028,0.868,7.49,15.117,0.017,7.47,25.308,0.562,0.509,0.042,2.2,1.06,9.82,3.089,10.550,3.537,17.564,8.978,8.451,9.504,0.198,8.9,6.85,1.604,7.44,23.197,11.911,7.188,16.634,1.296,0.089,12.011,70.086,124.486,15.686
2026-05-07 08:20:22,magpie_observed.csv,0.8449155822593920740739756225,0.924,0.307,1.363,5.696,0.742,6.34,15.329,0.344,6.68,7.337,0.692,0.321,0.002,11.99,11.79,10.34,7.035,3.148,2.063,4.234,4.960,4.449,5.47,0.189,7.35,6.55,2.432,6.96,23.255,37.142,69.444,4.839,1.575,0.003,12.147,116.432,216.963,15.9
2026-05-07 08:20:22,magpie_observed.csv,0.2747235722108260215044202438,1.077,2.568,2.768,3.122,0.462,7.66,7.175,0.297,7.48,26.304,0.813,0.043,0.042,1.58,11.67,10.17,5.605,19.432,19.504,19.359,7.471,10.192,4.75,0.174,7.84,5.37,6.71,7.12,10.97,15.783,11.875,19.691,1.092,0.172,12.043,75.478,140.763,10.194
2026-05-07 08:20:23,magpie_observed.csv,0.9500561306730741798539286189,1.269,2.638,0.86,1.062,0.487,7.05,15.432,0.246,7.44,19.163,0.688,0.439,0.016,1.2,10.94,9.62,4.309,13.768,7.745,19.79,7.512,1.77,13.255,0.012,8.08,5.57,7.298,7.51,15.285,18.403,21.384,15.422,1.41,0.281,12.048,73.148,136.39,9.905
2026-05-07 08:20:23,magpie_observed.csv,0.6911150925917131431231234261,1.218,0.265,0.942,4.885,0.401,6.97,5.599,0.118,6.95,9.269,0.418,0.029,0.011,11.99,11.05,9.39,9.405,4.841,1.426,8.256,6.060,9.01,3.109,0.071,7.79,6.22,2.211,7.42,14.485,24.629,37.965,11.293,1.448,0.333,12.024,116.826,221.042,12.609
2026-05-07 08:20:23,magpie_observed.csv,0.5633370932714188977091749551,1.097,2.662,4.549,3.649,0.496,7.44,12.126,0.41,7.16,26.49,0.887,0.228,0.024,11.6,1.16,10.79,8.451,19.322,19.894,18.751,5.490,9.777,1.204,0.16,9.02,7.24,3.226,6.86,9.443,22.492,36.485,8.5,0.996,0.094,12.189,124.486,234.648,14.323
2026-05-07 08:20:23,magpie_observed.csv,1.082409163117001664937482876,1.252,1.098,1.528,1.798,0.005,7.04,4.521,0.053,6.97,15.067,0.821,0.575,0.032,11.78,1.49,9.8,11.264,5.882,6.112,5.651,5.443,4.68,6.206,0.075,8.44,6.65,4.085,6.85,19.194,13.674,9.015,18.334,1.477,0.001,12.055,86.638,162.225,11.05
2026-05-07 08:20:24,magpie_observed.csv,0.4683919511957029849380728866,0.905,2.541,5.967,6.932,0.805,6.39,13.414,0.178,7.1,26.373,0.497,0.132,0.045,1.7,10.88,9.89,6.537,9.877,11.635,8.119,9.705,10.94,8.47,0.107,9.49,6.22,1.407,7.19,6.397,23.222,45.829,0.615,1.266,0.347,12.212,108.300,207.926,8.675
2026-05-07 08:20:24,magpie_observed.csv,0.4719677078033548495897719504,1.284,2.135,3.006,2.465,0.921,6.74,10.805,0.418,7.38,19.538,0.487,0.363,0.001,1.69,11.75,10.27,7.141,16.292,16.470,16.114,4.845,2.848,6.842,0.163,8.46,7.22,6.124,7.59,13.574,39.448,67.398,11.497,1.102,0.153,12.136,101.861,197.177,6.545
2026-05-07 08:20:24,magpie_observed.csv,1.333989029917287629742964297,1.299,1.572,4.402,1.717,0.891,7.19,15.68,0.245,7.64,24.311,0.739,0.288,0.004,1.27,11.97,10.75,9.85,17.392,17.040,17.743,4.214,2.081,6.347,0.186,6.98,6.34,7.144,6.95,7.01,5.706,4.122,7.29,1.58,0.301,12.197,84.253,157.565,10.941
