TIMESTAMP,OBSERVED,SCORE,INITIAL_Y,GROWTH_RATE,DECAY_RATE,BASELINE,WINTER_WEIGHT,AUTUMN_WEIGHT,WINTER_PEAK,AUTUMN_PEAK,WINTER_WIDTH,WINTER_RISE_WIDTH,WINTER_FALL_WIDTH,AUTUMN_WIDTH,AUTUMN_RISE_WIDTH,AUTUMN_FALL_WIDTH,SUMMER_DIP,SUMMER_LOW,SUMMER_WIDTH,SUMMER_RISE_WIDTH,SUMMER_FALL_WIDTH,SCALE
2026-05-06 09:47:13,shepherds_purse_observed.csv,0.6193144803937376339532716049,0.061,3.003,5.511,0.446,0.115,0.254,3.71,11.02,9.335,1.872,16.798,2.698,2.963,2.433,0.182,1.12,8.056,11.731,4.38,1.026
2026-05-06 09:47:13,shepherds_purse_observed.csv,0.9482407139707338204918518519,0.249,3.241,2.319,0.316,0.571,0.18,3.29,10.41,6.750,5.32,8.18,1.730,1.542,1.918,0.113,11.53,6.624,6.438,6.811,1.448
2026-05-06 09:47:14,shepherds_purse_observed.csv,1.225495051775213986993142940,0.456,1.974,1.43,0.166,0.721,0.002,3.01,10.78,4.830,8.607,1.053,10.712,12.09,9.334,0.111,1.4,5.488,10.562,0.415,1.473
2026-05-06 09:47:14,shepherds_purse_observed.csv,1.116646732864332840634925347,0.251,1.194,2.79,0.25,0.311,0.068,4.55,9.58,10.080,4.197,15.964,1.269,1.180,1.358,0.017,1.57,9.248,10.762,7.735,0.841
2026-05-06 09:47:14,shepherds_purse_observed.csv,1.088065975171369709735876544,0.257,3.97,1.547,0.271,0.407,0.391,3.05,11.21,12.978,15.391,10.564,5.195,5.546,4.844,0.086,1.03,2.250,3.719,0.781,1.332
2026-05-06 09:47:14,shepherds_purse_observed.csv,2.243891907519641879462343210,0.337,3.543,0.814,0.129,0.453,0.406,3.48,11.42,14.389,12.379,16.399,2.906,4.886,0.926,0.0,11.8,7.622,4.232,11.013,1.476
2026-05-06 09:47:15,shepherds_purse_observed.csv,0.3156710563541757240201851852,0.225,2.203,3.75,0.358,0.233,0.051,5.11,10.35,12.450,8.419,16.482,9.441,6.316,12.566,0.068,2.05,4.516,3.664,5.368,1.683
2026-05-06 09:47:15,shepherds_purse_observed.csv,1.068225272224472917376726574,0.317,1.37,4.731,0.266,0.247,0.144,4.21,11.89,10.343,12.059,8.627,1.282,1.895,0.67,0.155,2.47,1.406,1.520,1.293,1.182
2026-05-06 09:47:15,shepherds_purse_observed.csv,3.013930567038619322629629630,0.044,3.777,2.051,0.459,0.022,0.316,3.07,11.88,12.941,15.904,9.978,9.262,10.389,8.136,0.242,11.77,7.088,2.108,12.068,1.673
2026-05-06 09:47:16,shepherds_purse_observed.csv,0.4243413459096767348640131173,0.182,1.316,5.311,0.092,0.43,0.228,4.78,10.47,10.655,7.95,13.36,8.070,13.632,2.507,0.111,1.09,4.568,7.23,1.905,1.62
2026-05-06 09:47:16,shepherds_purse_observed.csv,1.416533233352920904916898920,0.165,3.461,4.468,0.092,0.364,0.185,2.94,11.27,13.234,14.094,12.374,5.323,6.131,4.515,0.044,1.51,7.182,5.25,9.114,1.171
2026-05-06 09:47:16,shepherds_purse_observed.csv,0.4167343092410583266408179012,0.42,3.497,0.546,0.421,0.582,0.234,4.31,10.16,12.314,17.717,6.91,0.374,0.350,0.398,0.032,2.02,8.168,5.288,11.049,0.885
2026-05-06 09:47:17,shepherds_purse_observed.csv,0.6782336246184587402677938581,0.073,0.635,1.79,0.12,0.693,0.21,3.16,9.94,7.713,14.965,0.461,8.060,6.882,9.239,0.231,1.46,2.482,3.171,1.793,1.373
2026-05-06 09:47:17,shepherds_purse_observed.csv,0.3255206605072575717711111110,0.028,2.503,5.58,0.291,0.409,0.363,4.23,10.01,5.151,3.881,6.421,10.554,8.456,12.652,0.06,2.07,11.058,10.514,11.601,1.144
2026-05-06 09:47:17,shepherds_purse_observed.csv,0.5421995768297957897666074074,0.124,3.703,4.392,0.3,0.565,0.046,4.61,11.01,12.756,6.917,18.594,11.022,9.921,12.122,0.133,1.33,5.441,2.292,8.59,1.394
2026-05-06 09:47:17,shepherds_purse_observed.csv,0.4356312016575734700114637066,0.236,0.644,1.305,0.266,0.541,0.432,4.4,10.52,11.332,10.516,12.148,12.170,10.929,13.41,0.107,2.12,8.040,5.546,10.535,1.395
2026-05-06 09:47:18,shepherds_purse_observed.csv,0.5140858416408660406006979369,0.419,2.029,4.208,0.339,0.452,0.264,4.47,9.91,14.448,10.317,18.578,3.028,5.139,0.916,0.108,2.17,11.034,10.828,11.239,1.161
2026-05-06 09:47:18,shepherds_purse_observed.csv,0.5129804525649801139158024692,0.05,2.74,1.825,0.434,0.111,0.44,3.94,10.07,12.876,15.393,10.358,9.548,9.293,9.802,0.205,11.77,8.092,4.455,11.728,1.172
2026-05-06 09:47:18,shepherds_purse_observed.csv,1.396150273056203678980348148,0.448,1.145,1.788,0.259,0.194,0.032,5.42,11.26,10.034,10.446,9.621,6.920,4.663,9.178,0.081,1.71,6.454,1.436,11.472,1.276
2026-05-06 09:47:19,shepherds_purse_observed.csv,0.4425711355241218972946005016,0.399,2.748,5.037,0.353,0.476,0.046,4.05,11.11,12.779,13.659,11.899,3.692,5.043,2.34,0.157,1.87,4.672,8.782,0.561,1.366
2026-05-06 09:47:19,shepherds_purse_observed.csv,0.3748196933483499608215895061,0.03,0.38,0.527,0.314,0.473,0.327,2.82,11.18,5.732,6.038,5.425,3.292,2.082,4.503,0.012,1.9,4.582,1.823,7.34,0.943
2026-05-06 09:47:19,shepherds_purse_observed.csv,1.219726280554630059216633036,0.399,0.955,1.316,0.134,0.747,0.181,4.5,11.37,11.602,5.276,17.929,10.157,12.59,7.724,0.011,1.49,2.865,1.046,4.684,1.006
2026-05-06 09:47:20,shepherds_purse_observed.csv,0.6889260935107874440216049383,0.024,3.625,4.048,0.19,0.416,0.355,2.89,10.67,16.872,15.137,18.606,4.250,3.700,4.800,0.085,2.09,12.042,13.159,10.924,0.99
2026-05-06 09:47:20,shepherds_purse_observed.csv,0.7917489045965738284049169445,0.444,1.68,4.138,0.402,0.24,0.325,5.28,9.98,10.086,8.049,12.124,4.794,5.25,4.338,0.048,1.78,11.100,11.584,10.617,1.124
2026-05-06 09:47:20,shepherds_purse_observed.csv,0.3794094287674624435358024691,0.206,2.003,3.341,0.44,0.656,0.217,3.85,11.03,12.898,8.356,17.44,6.314,2.554,10.073,0.09,11.7,12.071,11.925,12.217,1.332
2026-05-06 09:47:20,shepherds_purse_observed.csv,0.4563389677995517682906846065,0.349,0.494,5.719,0.229,0.693,0.447,3.6,11.58,15.638,14.224,17.052,8.270,12.625,3.915,0.175,1.08,3.255,5.417,1.093,1.195
2026-05-06 09:47:21,shepherds_purse_observed.csv,2.616790911490833652338176530,0.434,1.936,1.968,0.147,0.013,0.348,4.61,10.07,8.593,2.012,15.174,4.868,3.555,6.18,0.027,11.89,1.526,0.4,2.653,1.478
2026-05-06 09:47:21,shepherds_purse_observed.csv,2.240094753636810563941470610,0.247,1.787,2.235,0.196,0.564,0.275,2.51,11.77,15.534,15.47,15.599,6.872,1.089,12.656,0.189,1.96,7.938,13.644,2.233,1.751
2026-05-06 09:47:21,shepherds_purse_observed.csv,1.631681464988137233811202093,0.4,1.118,1.53,0.058,0.558,0.402,3.02,10.19,5.463,6.337,4.589,8.830,7.24,10.419,0.052,1.2,6.921,8.705,5.137,1.301
2026-05-06 09:47:22,shepherds_purse_observed.csv,1.656018585949531319095244125,0.366,2.278,5.666,0.392,0.534,0.021,3.09,10.62,15.134,17.165,13.102,9.868,7.926,11.811,0.082,2.35,3.927,7.035,0.819,1.306
2026-05-06 09:47:22,shepherds_purse_observed.csv,0.8430929718152957192261299418,0.442,0.745,2.211,0.072,0.641,0.095,4.01,11.01,4.386,8.283,0.489,8.550,3.428,13.672,0.093,2.0,4.608,3.502,5.714,0.834
2026-05-06 09:47:22,shepherds_purse_observed.csv,0.9554671168044758958370465977,0.339,0.717,1.0,0.14,0.672,0.244,4.34,11.33,3.704,3.805,3.603,6.804,11.851,1.757,0.091,11.54,9.487,8.574,10.400,1.248
2026-05-06 09:47:23,shepherds_purse_observed.csv,0.6351814361901688425800098766,0.056,0.401,5.911,0.283,0.267,0.218,5.08,10.98,8.680,11.872,5.489,8.625,6.6,10.65,0.174,2.09,6.634,4.771,8.496,1.226
2026-05-06 09:47:23,shepherds_purse_observed.csv,1.050772599510607647744046358,0.335,2.052,0.983,0.088,0.343,0.436,3.78,9.84,10.163,5.333,14.993,3.188,3.752,2.625,0.148,1.26,9.136,9.227,9.046,1.133
2026-05-06 09:47:23,shepherds_purse_observed.csv,0.4381435903275599336668672841,0.107,1.537,3.542,0.362,0.74,0.128,3.91,9.56,3.300,6.103,0.498,12.611,13.927,11.295,0.174,2.23,5.482,4.539,6.425,1.004
2026-05-06 09:47:23,shepherds_purse_observed.csv,0.4894005192978831144264358412,0.216,1.791,3.772,0.122,0.175,0.132,4.63,10.08,9.180,3.828,14.533,5.966,11.387,0.544,0.172,11.55,5.166,1.726,8.605,1.303
2026-05-06 09:47:24,shepherds_purse_observed.csv,1.931332332143332401168788581,0.135,2.315,2.223,0.459,0.185,0.234,3.0,10.01,12.529,11.303,13.755,12.437,11.593,13.281,0.048,11.55,7.970,3.607,12.334,1.635
2026-05-06 09:47:24,shepherds_purse_observed.csv,0.8673096226196372708719135802,0.086,2.439,0.695,0.052,0.193,0.164,2.58,10.48,7.098,6.846,7.351,5.636,6.665,4.607,0.193,1.25,7.564,8.234,6.894,1.0
2026-05-06 09:47:24,shepherds_purse_observed.csv,0.2334070635675248949746296296,0.032,0.453,1.338,0.223,0.549,0.201,4.91,9.7,10.810,1.941,19.68,11.170,13.309,9.03,0.05,1.04,13.181,12.494,13.868,1.082
2026-05-06 09:47:25,shepherds_purse_observed.csv,0.3187697401241622672200623456,0.122,0.994,5.81,0.304,0.407,0.264,3.98,10.09,14.198,9.611,18.784,8.362,7.697,9.026,0.131,1.6,13.697,13.963,13.431,1.161
2026-05-06 09:47:25,shepherds_purse_observed.csv,0.8091804613156952647472099150,0.46,3.786,2.983,0.378,0.135,0.335,4.72,11.2,11.690,5.134,18.247,9.708,8.924,10.491,0.133,1.22,11.418,11.814,11.021,0.922
2026-05-06 09:47:25,shepherds_purse_observed.csv,0.3833033760550735383105246914,0.292,1.328,5.169,0.426,0.455,0.316,4.27,10.56,9.594,13.458,5.73,2.344,1.177,3.511,0.095,1.5,2.363,0.997,3.729,1.479
2026-05-06 09:47:26,shepherds_purse_observed.csv,2.441229024448640472499393444,0.305,3.559,2.336,0.139,0.205,0.203,3.12,11.38,5.926,2.741,9.112,7.700,6.154,9.247,0.039,11.68,9.382,6.877,11.887,0.932
2026-05-06 09:47:26,shepherds_purse_observed.csv,0.7199217851256332137812499999,0.225,3.3,2.285,0.395,0.011,0.211,4.52,11.9,6.711,11.742,1.68,10.418,12.103,8.732,0.015,1.16,1.510,1.216,1.805,0.965
2026-05-06 09:47:26,shepherds_purse_observed.csv,0.7745533863953583181699382715,0.099,3.12,5.179,0.23,0.122,0.36,4.22,10.73,11.884,7.272,16.495,6.557,4.281,8.833,0.113,11.71,8.870,9.568,8.172,0.809
2026-05-06 09:47:26,shepherds_purse_observed.csv,1.067551112550127657357137317,0.181,2.92,3.013,0.164,0.223,0.438,4.11,9.99,10.748,5.483,16.014,9.986,13.959,6.014,0.047,1.75,8.970,11.958,5.983,1.33
2026-05-06 09:47:27,shepherds_purse_observed.csv,0.5994751411808594792264773843,0.401,0.391,1.483,0.452,0.512,0.042,4.42,9.93,9.042,3.417,14.668,7.340,7.063,7.616,0.248,2.17,12.987,13.42,12.554,0.927
2026-05-06 09:47:27,shepherds_purse_observed.csv,0.4513242655252399748051396605,0.209,1.805,5.757,0.294,0.474,0.364,5.03,10.11,5.786,4.185,7.387,4.354,3.181,5.527,0.121,11.75,8.008,6.081,9.935,1.589
2026-05-06 09:47:27,shepherds_purse_observed.csv,0.9734027962625539389641533793,0.39,0.952,3.595,0.3,0.371,0.428,4.96,10.14,10.340,12.514,8.167,2.848,4.604,1.091,0.029,1.43,2.996,3.733,2.258,1.687
2026-05-06 09:47:28,shepherds_purse_observed.csv,0.4098002180164115678579320988,0.172,2.198,2.104,0.367,0.409,0.268,4.74,9.99,7.752,9.294,6.211,6.028,4.208,7.848,0.191,11.76,7.878,5.699,10.058,1.023
2026-05-06 09:47:28,shepherds_purse_observed.csv,0.7815608055156130034913790125,0.22,3.72,3.436,0.35,0.11,0.447,3.06,10.05,15.898,14.387,17.409,7.376,5.413,9.339,0.118,2.05,10.324,9.235,11.414,1.571
2026-05-06 09:47:28,shepherds_purse_observed.csv,1.495271266695465574271367201,0.417,3.447,4.096,0.266,0.708,0.191,3.35,10.47,9.617,7.455,11.779,11.128,13.999,8.258,0.059,2.31,8.542,12.283,4.8,1.319
2026-05-06 09:47:29,shepherds_purse_observed.csv,0.9838715362589941593391049385,0.261,2.28,5.832,0.425,0.51,0.439,2.92,9.93,13.078,9.515,16.641,3.786,4.45,3.121,0.042,1.5,7.787,8.627,6.947,1.589
2026-05-06 09:47:29,shepherds_purse_observed.csv,1.012911545556290459456172300,0.163,0.455,3.953,0.081,0.597,0.001,5.39,11.24,1.114,1.130,1.099,5.177,9.081,1.273,0.003,1.17,11.778,13.415,10.141,0.863
2026-05-06 09:47:29,shepherds_purse_observed.csv,1.356805584986460328409373488,0.414,3.31,2.507,0.325,0.336,0.064,2.95,10.29,10.235,8.864,11.606,6.488,4.802,8.175,0.205,11.71,3.074,3.818,2.331,1.445
2026-05-06 09:47:29,shepherds_purse_observed.csv,0.3417785952535160614558024691,0.095,2.492,5.174,0.381,0.302,0.2,4.88,11.75,13.730,17.209,10.25,10.390,12.533,8.247,0.182,2.08,4.996,1.302,8.689,0.896
2026-05-06 09:47:30,shepherds_purse_observed.csv,0.9605603808402456801937745988,0.092,1.925,5.962,0.072,0.56,0.143,5.29,11.9,8.386,0.714,16.058,2.079,1.405,2.753,0.168,2.13,8.912,13.738,4.085,1.303
2026-05-06 09:47:30,shepherds_purse_observed.csv,0.8451375074843957736066960790,0.027,0.68,5.01,0.14,0.743,0.38,2.94,9.73,6.698,5.889,7.507,10.290,9.062,11.517,0.239,11.57,5.134,1.887,8.38,1.688
2026-05-06 09:47:30,shepherds_purse_observed.csv,0.5516268408809728280598958334,0.087,1.601,5.299,0.21,0.439,0.115,3.96,11.3,4.734,5.057,4.412,11.705,12.164,11.246,0.016,11.74,5.116,1.482,8.75,0.925
2026-05-06 09:47:31,shepherds_purse_observed.csv,0.3930100825905128238015432099,0.042,2.326,5.853,0.268,0.32,0.402,5.22,11.0,18.946,18.579,19.312,12.130,13.677,10.583,0.037,2.11,4.580,4.017,5.142,1.172
2026-05-06 09:47:31,shepherds_purse_observed.csv,4.783949292697874032109152490,0.337,0.267,5.05,0.189,0.486,0.298,3.01,11.64,6.325,1.275,11.375,6.628,8.27,4.986,0.2,1.49,7.728,7.210,8.247,1.564
2026-05-06 09:47:31,shepherds_purse_observed.csv,0.7797045455052306392396289062,0.239,2.909,3.8,0.277,0.085,0.2,2.97,11.6,7.816,9.299,6.333,5.169,1.272,9.066,0.229,1.51,6.735,8.863,4.607,1.075
2026-05-06 09:47:32,shepherds_purse_observed.csv,1.827727341060396675220679012,0.035,2.947,3.632,0.055,0.324,0.408,2.65,11.98,6.552,0.9,12.205,13.262,12.719,13.804,0.23,1.89,5.044,4.163,5.924,1.37
2026-05-06 09:47:32,shepherds_purse_observed.csv,1.280695588570669514244533866,0.445,0.73,1.948,0.381,0.282,0.02,2.6,10.2,7.924,8.438,7.411,11.332,12.18,10.483,0.083,1.79,7.098,3.367,10.828,1.023
2026-05-06 09:47:32,shepherds_purse_observed.csv,0.6166594489687637560002139584,0.145,1.879,5.708,0.216,0.646,0.412,5.29,10.64,10.758,9.164,12.353,4.705,0.693,8.717,0.221,11.62,6.990,5.46,8.519,1.457
2026-05-06 09:47:32,shepherds_purse_observed.csv,0.3412293817927143646905439817,0.236,2.189,4.545,0.426,0.521,0.187,3.8,11.11,5.020,6.142,3.897,3.021,1.059,4.983,0.024,2.33,11.646,11.724,11.568,1.031
2026-05-06 09:47:33,shepherds_purse_observed.csv,1.630416394777232392479499124,0.354,3.018,2.47,0.415,0.406,0.27,2.8,11.16,8.065,1.369,14.761,9.020,9.038,9.002,0.243,1.47,2.270,0.477,4.063,1.481
2026-05-06 09:47:33,shepherds_purse_observed.csv,1.058058855621700382694141641,0.397,0.451,5.364,0.259,0.122,0.406,4.41,11.18,7.804,4.32,11.287,7.162,8.818,5.506,0.082,1.88,8.664,11.045,6.284,1.282
2026-05-06 09:47:33,shepherds_purse_observed.csv,1.805943695211220079792935956,0.08,2.778,2.193,0.067,0.635,0.057,2.96,10.64,18.523,20.000,17.046,9.830,9.097,10.562,0.017,1.28,6.690,12.927,0.452,1.58
2026-05-06 09:47:34,shepherds_purse_observed.csv,0.7671831417987649206222773148,0.228,2.748,2.769,0.073,0.299,0.211,2.68,11.44,4.108,6.691,1.526,9.630,9.384,9.877,0.225,2.2,7.681,6.807,8.555,1.092
2026-05-06 09:47:34,shepherds_purse_observed.csv,0.2697553965418890622131365741,0.021,1.302,5.286,0.317,0.714,0.294,4.19,10.45,15.045,18.859,11.231,5.304,1.454,9.154,0.019,1.58,9.017,6.963,11.071,1.049
2026-05-06 09:47:34,shepherds_purse_observed.csv,1.262743634737911814841590432,0.384,2.635,1.677,0.157,0.549,0.206,2.77,11.96,7.204,11.441,2.966,6.932,5.945,7.919,0.25,1.98,6.465,0.75,12.18,1.222
2026-05-06 09:47:35,shepherds_purse_observed.csv,1.551437940062550786046093400,0.398,0.381,3.685,0.082,0.423,0.324,4.43,11.44,18.408,16.815,20.000,12.855,11.710,14.000,0.122,11.86,9.134,7.152,11.117,1.457
2026-05-06 09:47:35,shepherds_purse_observed.csv,0.5298630207319809960879007970,0.013,0.567,5.291,0.122,0.268,0.151,3.51,10.61,17.970,20.000,15.941,9.107,13.525,4.689,0.15,1.52,10.513,11.550,9.476,1.418
2026-05-06 09:47:35,shepherds_purse_observed.csv,0.8140968275655145661654598764,0.436,3.85,3.789,0.116,0.644,0.088,4.66,11.89,9.794,9.199,10.389,6.320,8.379,4.262,0.095,2.19,7.682,2.068,13.295,1.754
2026-05-06 09:47:35,shepherds_purse_observed.csv,0.7968331406562170952931487655,0.086,3.652,5.464,0.229,0.387,0.266,5.4,10.9,12.734,12.76,12.709,11.568,13.165,9.971,0.141,11.71,3.427,0.497,6.357,1.176
2026-05-06 09:47:36,shepherds_purse_observed.csv,0.4475345926493321158888888889,0.162,3.501,1.183,0.279,0.526,0.431,4.44,11.42,13.046,10.469,15.624,8.326,3.484,13.169,0.125,1.04,12.160,10.399,13.92,0.82
2026-05-06 09:47:36,shepherds_purse_observed.csv,0.5199485609920727183647685185,0.45,2.576,1.779,0.42,0.726,0.33,4.9,11.74,12.336,6.102,18.57,1.583,0.632,2.534,0.112,11.94,2.928,2.684,3.171,1.551
2026-05-06 09:47:36,shepherds_purse_observed.csv,0.6113282778346134309168180941,0.285,2.574,2.69,0.432,0.248,0.256,5.16,9.93,11.786,12.089,11.484,9.326,7.738,10.915,0.177,1.26,7.457,8.298,6.616,1.37
2026-05-06 09:47:37,shepherds_purse_observed.csv,0.9597572412406744966852484706,0.273,2.485,4.085,0.074,0.674,0.371,4.47,10.55,13.282,12.391,14.173,6.081,8.635,3.527,0.034,11.65,8.942,9.395,8.490,1.333
2026-05-06 09:47:37,shepherds_purse_observed.csv,1.906904510120764798647911087,0.451,2.993,3.397,0.13,0.273,0.208,3.67,11.99,11.106,13.163,9.049,5.186,4.932,5.44,0.013,1.2,7.590,2.968,12.211,1.041
2026-05-06 09:47:37,shepherds_purse_observed.csv,2.366868178704428952290280393,0.41,3.371,4.923,0.228,0.561,0.286,3.05,11.86,5.619,5.143,6.095,3.568,3.039,4.096,0.223,11.75,10.371,6.796,13.946,1.295
2026-05-06 09:47:38,shepherds_purse_observed.csv,1.707198658921583653892765807,0.444,1.185,4.856,0.066,0.744,0.01,2.99,10.08,5.750,7.866,3.633,2.632,2.467,2.798,0.137,2.07,10.104,9.246,10.963,1.644
2026-05-06 09:47:38,shepherds_purse_observed.csv,1.648887931216268303585711775,0.375,1.524,2.518,0.147,0.143,0.014,5.47,10.2,6.723,4.895,8.551,5.448,3.755,7.141,0.037,1.72,4.231,0.9,7.562,1.601
2026-05-06 09:47:38,shepherds_purse_observed.csv,0.7173616629871070958194221739,0.275,3.042,3.947,0.171,0.339,0.208,4.32,11.36,13.526,15.542,11.509,7.866,10.491,5.241,0.244,2.43,13.315,13.183,13.447,1.284
2026-05-06 09:47:38,shepherds_purse_observed.csv,0.8736051907043887874179283946,0.319,3.454,2.754,0.232,0.243,0.052,5.19,9.86,18.692,19.417,17.966,4.726,3.243,6.208,0.143,1.51,5.146,1.461,8.831,0.808
2026-05-06 09:47:39,shepherds_purse_observed.csv,1.261471824971485057129182501,0.391,1.914,1.766,0.283,0.364,0.073,2.89,11.55,6.940,10.575,3.305,9.320,4.92,13.721,0.092,1.72,10.903,12.054,9.752,1.05
2026-05-06 09:47:39,shepherds_purse_observed.csv,1.499794763334646014463040124,0.446,0.704,4.607,0.434,0.193,0.019,3.69,11.86,14.811,16.351,13.271,10.316,6.944,13.689,0.193,2.35,7.670,6.78,8.56,1.33
2026-05-06 09:47:39,shepherds_purse_observed.csv,0.2106987595314113185108641976,0.162,0.483,3.188,0.424,0.605,0.15,2.51,10.27,8.817,16.41,1.224,0.832,0.408,1.256,0.003,1.94,10.709,11.974,9.444,1.064
2026-05-06 09:47:40,shepherds_purse_observed.csv,1.154076181469371634722870137,0.326,1.247,1.884,0.373,0.747,0.128,2.9,9.58,11.500,6.741,16.26,2.316,1.534,3.099,0.132,11.52,6.892,7.169,6.616,1.789
2026-05-06 09:47:40,shepherds_purse_observed.csv,1.396536869337513129272553118,0.243,2.41,0.591,0.05,0.446,0.028,3.21,11.47,8.410,9.679,7.14,1.846,0.906,2.785,0.193,1.22,7.927,7.686,8.168,1.666
2026-05-06 09:47:40,shepherds_purse_observed.csv,0.8277870490469416961035686728,0.167,3.092,5.697,0.106,0.595,0.076,5.02,10.73,0.358,0.360,0.356,3.971,2.297,5.645,0.212,1.41,6.386,1.98,10.793,1.275
2026-05-06 09:47:41,shepherds_purse_observed.csv,1.349913059116182698403670919,0.35,3.689,0.592,0.068,0.346,0.296,3.44,10.36,6.500,5.597,7.404,7.806,11.621,3.99,0.038,2.36,5.976,1.295,10.657,0.872
2026-05-06 09:47:41,shepherds_purse_observed.csv,0.5301328638123822754765432097,0.131,3.3,1.788,0.26,0.105,0.201,3.07,11.2,8.598,15.059,2.136,4.445,5.509,3.381,0.148,2.28,11.909,12.680,11.138,0.976
2026-05-06 09:47:41,shepherds_purse_observed.csv,2.453677766491717975986018235,0.38,0.281,1.802,0.255,0.499,0.024,3.06,11.4,16.922,14.568,19.276,9.520,9.262,9.778,0.019,11.72,8.656,11.35,5.961,1.626
2026-05-06 09:47:41,shepherds_purse_observed.csv,0.8534073805540127238543364197,0.197,2.099,2.57,0.159,0.205,0.362,3.64,10.52,14.408,15.76,13.056,1.308,0.372,2.245,0.202,11.54,9.736,9.525,9.948,0.893
2026-05-06 09:47:42,shepherds_purse_observed.csv,0.2531961730137181425670370370,0.012,0.373,4.142,0.396,0.634,0.136,3.12,10.87,5.458,2.478,8.439,8.634,6.185,11.082,0.149,1.08,7.618,6.357,8.879,1.041
2026-05-06 09:47:42,shepherds_purse_observed.csv,0.5366585493679407387897407409,0.139,2.147,2.716,0.098,0.34,0.2,2.58,9.79,12.542,19.886,5.198,10.738,12.558,8.919,0.191,1.83,7.082,7.479,6.686,1.636
2026-05-06 09:47:42,shepherds_purse_observed.csv,0.7687469336912131828993209879,0.173,0.993,1.411,0.279,0.419,0.449,3.04,11.13,4.124,4.877,3.37,7.498,3.597,11.399,0.168,1.96,9.279,11.558,7.0,1.658
2026-05-06 09:47:43,shepherds_purse_observed.csv,1.291184455591662037369083891,0.241,1.618,2.806,0.174,0.116,0.229,4.62,9.75,13.298,19.46,7.135,3.148,5.881,0.416,0.122,12.0,0.628,0.428,0.827,1.455
2026-05-06 09:47:43,shepherds_purse_observed.csv,0.6856374154100013765672327644,0.047,3.517,3.002,0.167,0.282,0.348,3.57,9.78,9.680,7.398,11.961,4.192,4.555,3.83,0.203,2.14,4.718,0.766,8.669,1.47
2026-05-06 09:47:43,shepherds_purse_observed.csv,0.4305084200623223944180246912,0.034,2.119,5.554,0.102,0.204,0.135,4.63,9.97,11.537,16.217,6.857,4.961,9.093,0.829,0.055,1.34,7.790,10.688,4.893,1.688
2026-05-06 09:47:43,shepherds_purse_observed.csv,0.6818164355033997726630614067,0.335,3.529,1.79,0.246,0.727,0.304,5.1,10.93,18.935,20.000,17.870,3.948,3.708,4.188,0.063,2.05,6.880,6.433,7.328,1.667
2026-05-06 09:47:44,shepherds_purse_observed.csv,1.734755201905141647125110617,0.383,1.466,4.865,0.221,0.146,0.084,2.95,10.86,13.686,14.333,13.039,2.521,2.524,2.518,0.125,11.59,13.056,13.121,12.991,1.236
2026-05-06 09:47:44,shepherds_purse_observed.csv,1.051377478032837340581275326,0.186,3.236,3.199,0.172,0.555,0.376,3.06,10.64,13.133,9.823,16.443,7.615,10.767,4.463,0.116,11.59,4.002,0.643,7.362,1.595
2026-05-06 09:47:44,shepherds_purse_observed.csv,0.7206317899702552008028742285,0.258,3.181,1.098,0.172,0.45,0.18,5.46,9.58,15.031,11.75,18.312,2.706,3.357,2.055,0.228,2.36,11.412,12.277,10.546,0.95
2026-05-06 09:47:45,shepherds_purse_observed.csv,0.4601102644643673298908179013,0.089,1.004,2.879,0.252,0.086,0.367,2.87,10.57,0.636,0.854,0.419,8.734,11.979,5.488,0.019,2.18,10.695,10.128,11.262,1.285
2026-05-06 09:47:45,shepherds_purse_observed.csv,0.2330742992035454330503703703,0.24,1.257,2.642,0.287,0.118,0.093,5.43,10.65,9.566,1.026,18.105,7.668,7.990,7.345,0.016,1.32,2.848,2.518,3.177,1.294
2026-05-06 09:47:45,shepherds_purse_observed.csv,0.2207313807227058047558641975,0.251,1.174,1.056,0.441,0.608,0.146,3.34,11.5,11.579,14.688,8.47,7.118,3.076,11.16,0.103,1.45,8.160,7.975,8.345,1.228
2026-05-06 09:47:46,shepherds_purse_observed.csv,0.9602232948735884840134372371,0.265,3.419,5.318,0.051,0.613,0.301,3.73,10.9,8.118,12.452,3.783,7.764,5.634,9.894,0.025,11.8,0.866,0.811,0.922,1.146
2026-05-06 09:47:46,shepherds_purse_observed.csv,2.507565202948740299651489101,0.445,3.259,1.071,0.269,0.039,0.226,4.71,9.65,12.898,12.178,13.617,2.544,1.537,3.552,0.044,1.09,11.958,11.978,11.938,1.563
2026-05-06 09:47:46,shepherds_purse_observed.csv,1.296406195705753689613379629,0.346,1.155,5.667,0.354,0.734,0.332,3.07,10.94,17.932,16.801,19.064,6.851,2.786,10.916,0.032,1.32,10.012,13.89,6.133,1.278
2026-05-06 09:47:46,shepherds_purse_observed.csv,0.7536803396258660648286700309,0.209,2.976,2.564,0.169,0.671,0.026,5.44,11.0,17.026,16.296,17.756,11.999,13.583,10.415,0.209,1.53,9.121,9.859,8.383,1.374
2026-05-06 09:47:47,shepherds_purse_observed.csv,0.5447730525329923551831154707,0.388,1.37,5.213,0.144,0.495,0.237,3.82,11.49,17.168,18.11,16.227,8.026,9.688,6.364,0.17,1.1,6.592,2.153,11.031,1.211
2026-05-06 09:47:47,shepherds_purse_observed.csv,1.752077539626826563649334876,0.44,0.427,1.772,0.098,0.324,0.14,5.29,9.79,3.144,2.966,3.322,8.133,13.016,3.25,0.041,2.28,3.874,5.436,2.311,1.598
2026-05-06 09:47:47,shepherds_purse_observed.csv,0.5016788496512556673332754631,0.016,2.475,5.609,0.18,0.371,0.046,3.74,11.54,12.758,19.073,6.444,10.503,12.427,8.579,0.159,11.72,6.708,7.498,5.918,1.643
2026-05-06 09:47:48,shepherds_purse_observed.csv,0.9114995872319703692735665509,0.176,2.728,1.341,0.153,0.229,0.002,3.26,10.55,5.894,5.588,6.2,7.098,12.023,2.172,0.175,11.93,8.970,11.272,6.668,0.83
2026-05-06 09:47:48,shepherds_purse_observed.csv,0.7002683512029983367387873458,0.329,3.842,2.229,0.452,0.467,0.107,4.57,10.57,9.333,11.779,6.887,11.567,9.624,13.51,0.133,11.97,5.184,1.545,8.823,1.553
2026-05-06 09:47:48,shepherds_purse_observed.csv,0.5626079016083431545273070091,0.429,1.697,2.927,0.302,0.733,0.085,4.62,11.57,10.173,9.779,10.567,10.754,12.636,8.873,0.192,2.38,5.910,5.591,6.23,1.711
2026-05-06 09:47:49,shepherds_purse_observed.csv,0.5508702099409441667418414815,0.426,3.816,2.407,0.424,0.454,0.2,5.1,11.13,12.400,5.86,18.941,10.227,10.83,9.624,0.22,11.56,5.332,7.522,3.141,1.796
2026-05-06 09:47:49,shepherds_purse_observed.csv,1.418934312746599283037984599,0.273,1.813,4.353,0.268,0.636,0.06,5.1,11.51,19.737,19.898,19.576,7.728,5.814,9.641,0.018,1.59,5.170,4.582,5.757,1.595
2026-05-06 09:47:49,shepherds_purse_observed.csv,0.4666292506199726880541055942,0.452,3.329,4.364,0.389,0.192,0.072,4.96,10.3,9.637,14.053,5.221,6.312,11.308,1.315,0.165,1.3,6.268,0.675,11.861,1.231
2026-05-06 09:47:49,shepherds_purse_observed.csv,1.229724599337973448383927164,0.415,0.739,5.445,0.136,0.512,0.303,3.84,11.05,6.436,4.342,8.529,5.059,7.986,2.132,0.239,11.65,6.200,4.824,7.577,1.724
2026-05-06 09:47:50,shepherds_purse_observed.csv,0.8115794319337498248584691357,0.238,1.908,1.768,0.091,0.417,0.177,3.8,10.79,18.990,20.000,17.981,3.635,0.524,6.746,0.035,1.32,7.079,3.911,10.247,1.296
2026-05-06 09:47:50,shepherds_purse_observed.csv,1.105617366763902463605340191,0.259,3.537,4.088,0.227,0.438,0.086,4.14,10.94,11.846,13.386,10.305,10.420,12.472,8.368,0.018,1.54,4.344,4.431,4.256,1.46
2026-05-06 09:47:50,shepherds_purse_observed.csv,0.9196247352335089628645217669,0.374,1.024,2.433,0.421,0.011,0.306,5.46,11.48,13.384,15.641,11.128,8.849,7.212,10.486,0.199,1.82,4.024,1.614,6.433,1.527
2026-05-06 09:47:51,shepherds_purse_observed.csv,1.581242317614022089864459877,0.007,3.109,0.5,0.307,0.289,0.347,4.38,10.32,11.955,5.987,17.923,12.411,11.8,13.022,0.116,2.42,8.904,9.886,7.922,1.761
2026-05-06 09:47:51,shepherds_purse_observed.csv,0.9325061713420731950931777778,0.169,2.101,5.806,0.274,0.218,0.369,3.49,9.6,18.094,20.000,16.188,5.064,9.434,0.694,0.114,1.01,3.346,4.195,2.496,0.868
2026-05-06 09:47:51,shepherds_purse_observed.csv,0.5564181606249199391921460262,0.09,1.589,0.852,0.125,0.197,0.101,5.06,9.85,18.516,20.000,17.032,7.978,2.867,13.089,0.023,1.61,3.142,2.668,3.616,1.227
2026-05-06 09:47:52,shepherds_purse_observed.csv,0.6001571034161531311130864199,0.003,1.186,0.825,0.394,0.692,0.272,3.33,10.16,4.652,8.701,0.603,6.064,7.518,4.611,0.06,11.84,8.016,9.053,6.979,1.504
2026-05-06 09:47:52,shepherds_purse_observed.csv,0.9548784161208706994768519643,0.219,2.83,4.219,0.149,0.104,0.246,4.49,10.73,18.585,17.170,20.000,5.865,5.399,6.331,0.055,2.46,4.852,4.603,5.100,1.427
2026-05-06 09:47:52,shepherds_purse_observed.csv,0.7212049228960791080103955145,0.39,0.556,5.357,0.331,0.738,0.074,3.87,11.15,7.916,6.959,8.872,12.358,10.717,13.998,0.129,2.15,7.889,8.344,7.434,1.743
2026-05-06 09:47:52,shepherds_purse_observed.csv,0.7837570375604651521018258488,0.271,3.673,5.099,0.143,0.301,0.344,5.15,9.79,2.598,4.147,1.049,5.767,6.428,5.106,0.052,1.87,1.489,2.583,0.395,1.391
2026-05-06 09:47:53,shepherds_purse_observed.csv,0.7846737915724082525066983189,0.184,1.858,5.169,0.137,0.187,0.421,4.89,10.14,5.758,1.448,10.068,7.570,10.704,4.437,0.189,11.53,9.506,11.584,7.429,1.649
2026-05-06 09:47:53,shepherds_purse_observed.csv,0.4417445565033949951512345679,0.14,1.526,1.187,0.28,0.391,0.306,4.87,11.64,5.330,6.782,3.877,8.676,9.673,7.68,0.203,1.98,9.992,7.942,12.041,1.38
2026-05-06 09:47:53,shepherds_purse_observed.csv,0.6885108888108927886222222222,0.085,1.351,3.37,0.106,0.555,0.261,3.98,11.21,6.854,5.079,8.629,3.738,1.093,6.384,0.138,1.42,2.109,2.362,1.856,0.96
2026-05-06 09:47:54,shepherds_purse_observed.csv,0.8143199003031146276280656310,0.158,0.893,3.308,0.081,0.168,0.091,4.52,10.0,15.178,13.468,16.889,10.778,11.364,10.193,0.184,11.93,6.073,6.838,5.308,0.868
2026-05-06 09:47:54,shepherds_purse_observed.csv,1.372963196754843501088980951,0.143,2.841,5.667,0.051,0.323,0.152,4.16,11.94,17.966,18.256,17.677,1.555,0.701,2.409,0.161,11.79,9.987,10.340,9.634,1.575
2026-05-06 09:47:54,shepherds_purse_observed.csv,0.9947643237637081931916820987,0.204,1.296,4.873,0.246,0.122,0.35,3.39,10.69,8.141,1.464,14.818,7.464,8.071,6.856,0.107,11.69,6.446,8.641,4.25,1.054
2026-05-06 09:47:54,shepherds_purse_observed.csv,0.4151046844968139837904691357,0.356,1.244,5.319,0.366,0.493,0.165,4.55,9.67,17.998,16.271,19.725,6.726,6.846,6.605,0.194,1.08,7.666,5.642,9.69,1.584
2026-05-06 09:47:55,shepherds_purse_observed.csv,1.000978566326217456141484207,0.4,2.736,0.92,0.093,0.617,0.359,5.33,9.53,8.260,15.692,0.829,6.737,13.05,0.424,0.249,1.06,7.910,3.926,11.895,1.118
2026-05-06 09:47:55,shepherds_purse_observed.csv,0.7073660428436322441942172605,0.015,0.889,2.606,0.106,0.292,0.023,4.61,9.85,11.628,16.32,6.935,6.973,6.441,7.505,0.217,11.94,9.056,8.910,9.202,1.407
2026-05-06 09:47:55,shepherds_purse_observed.csv,1.243493680727270082814911265,0.004,1.499,5.314,0.257,0.251,0.198,5.17,11.49,5.840,5.454,6.225,2.651,4.863,0.439,0.059,11.56,5.154,7.657,2.651,1.575
2026-05-06 09:47:56,shepherds_purse_observed.csv,0.5788205872985507689489001092,0.197,1.226,2.433,0.278,0.236,0.263,3.52,9.86,6.756,11.207,2.305,8.650,6.697,10.602,0.114,1.28,10.918,9.554,12.281,0.901
2026-05-06 09:47:56,shepherds_purse_observed.csv,0.5513323559284882676533333334,0.09,0.562,3.398,0.341,0.428,0.227,4.56,11.29,7.058,9.553,4.563,10.024,7.875,12.173,0.028,1.42,6.093,11.594,0.592,1.688
2026-05-06 09:47:56,shepherds_purse_observed.csv,2.099699251426534052875756984,0.313,3.005,1.436,0.084,0.033,0.067,3.12,10.0,12.562,11.225,13.898,8.797,5.801,11.793,0.047,2.38,3.428,1.306,5.55,0.877
2026-05-06 09:47:57,shepherds_purse_observed.csv,1.341917651851709116769838765,0.42,2.317,4.479,0.356,0.51,0.167,4.02,11.1,12.972,10.881,15.063,7.840,3.501,12.178,0.039,1.97,5.221,2.764,7.678,1.004
2026-05-06 09:47:57,shepherds_purse_observed.csv,0.9003624226788120423746913579,0.074,2.076,5.284,0.39,0.3,0.42,2.62,11.29,15.011,11.121,18.901,6.790,0.558,13.023,0.122,2.22,6.766,6.434,7.099,0.871
2026-05-06 09:47:57,shepherds_purse_observed.csv,0.8413261300637511157531116731,0.34,2.313,1.072,0.367,0.148,0.326,4.64,10.93,12.352,15.466,9.238,10.332,9.632,11.031,0.095,1.78,4.757,6.107,3.407,1.033
2026-05-06 09:47:57,shepherds_purse_observed.csv,0.7032981953579274880560164536,0.218,0.517,5.196,0.287,0.546,0.018,3.76,10.37,8.162,7.888,8.437,10.784,10.686,10.881,0.138,11.68,4.848,6.436,3.261,1.538
2026-05-06 09:47:58,shepherds_purse_observed.csv,0.9763799028138870663127777778,0.021,2.22,3.478,0.389,0.249,0.255,4.13,10.16,10.076,16.656,3.495,5.802,0.807,10.798,0.014,1.09,6.472,7.783,5.162,1.078
2026-05-06 09:47:58,shepherds_purse_observed.csv,1.928930021568883728369969136,0.062,2.534,3.282,0.449,0.126,0.202,2.64,10.97,4.550,4.398,4.703,10.805,12.891,8.719,0.178,1.95,5.430,7.761,3.099,1.734
2026-05-06 09:47:58,shepherds_purse_observed.csv,0.9781169154574872495582605826,0.422,1.866,5.255,0.238,0.453,0.131,4.74,10.08,18.001,17.851,18.151,6.030,5.522,6.539,0.087,2.06,7.622,13.96,1.284,0.868
2026-05-06 09:47:59,shepherds_purse_observed.csv,1.340467522490203661460497685,0.283,2.297,1.139,0.145,0.422,0.257,4.37,11.44,10.693,15.603,5.783,4.270,5.846,2.693,0.243,2.12,6.570,6.602,6.538,1.637
2026-05-06 09:47:59,shepherds_purse_observed.csv,0.3351291196178145880419483025,0.12,0.464,4.346,0.411,0.516,0.114,2.7,10.03,17.163,17.753,16.573,6.690,6.894,6.486,0.067,11.6,6.690,4.302,9.079,1.177
2026-05-06 09:47:59,shepherds_purse_observed.csv,0.7854989090618710310757870370,0.102,1.952,2.717,0.163,0.397,0.126,3.29,10.44,5.786,4.026,7.547,6.269,8.166,4.372,0.048,1.17,4.808,0.816,8.799,1.477
2026-05-06 09:48:00,shepherds_purse_observed.csv,0.7019710919715818612425750000,0.259,2.856,4.735,0.45,0.701,0.064,3.9,10.39,15.729,14.757,16.701,10.060,12.474,7.646,0.165,1.87,2.184,1.727,2.64,1.279
2026-05-06 09:48:00,shepherds_purse_observed.csv,0.6803930890694260828985094136,0.257,3.156,4.282,0.08,0.086,0.12,4.96,9.89,13.864,8.868,18.861,6.926,5.724,8.128,0.099,1.21,11.976,13.407,10.544,1.206
2026-05-06 09:48:00,shepherds_purse_observed.csv,0.4687965213388975214891975310,0.168,1.632,2.672,0.386,0.449,0.008,3.34,11.44,17.040,18.027,16.053,11.768,13.248,10.289,0.012,1.54,11.576,9.294,13.857,1.7
2026-05-06 09:48:00,shepherds_purse_observed.csv,0.5753319505605912534945185185,0.436,3.114,1.517,0.41,0.285,0.377,4.19,11.56,18.242,17.460,19.024,9.162,13.887,4.437,0.248,1.53,12.886,13.466,12.306,0.96
2026-05-06 09:48:01,shepherds_purse_observed.csv,3.430412360829208089303219784,0.421,1.91,1.088,0.182,0.057,0.437,3.22,11.43,16.461,18.34,14.582,6.958,5.457,8.46,0.223,2.42,9.942,6.796,13.087,1.715
2026-05-06 09:48:01,shepherds_purse_observed.csv,0.5206506496508333106173707272,0.15,1.51,1.655,0.231,0.209,0.348,4.32,10.87,2.621,1.145,4.097,10.999,11.716,10.282,0.194,1.18,10.641,9.808,11.474,0.89
2026-05-06 09:48:01,shepherds_purse_observed.csv,1.007127078780598729488953663,0.213,2.332,2.643,0.302,0.062,0.277,5.08,10.14,18.204,16.408,20.000,9.370,9.735,9.005,0.149,2.38,3.366,3.661,3.071,1.039
2026-05-06 09:48:02,shepherds_purse_observed.csv,0.9153384886323731878199420697,0.033,1.223,1.352,0.085,0.444,0.119,5.32,10.78,10.122,18.005,2.238,5.227,5.738,4.716,0.205,1.28,5.490,7.544,3.437,1.345
2026-05-06 09:48:02,shepherds_purse_observed.csv,1.022386369202019732209372841,0.151,0.334,2.323,0.064,0.64,0.145,5.15,10.38,12.938,18.386,7.491,12.110,13.540,10.679,0.158,1.08,6.066,10.492,1.639,1.562
2026-05-06 09:48:02,shepherds_purse_observed.csv,0.9058553387978608838024228396,0.232,2.54,0.971,0.094,0.336,0.007,4.71,10.51,5.671,5.510,5.832,6.193,9.919,2.467,0.102,1.85,7.712,2.646,12.778,1.452
2026-05-06 09:48:03,shepherds_purse_observed.csv,1.647528702864733209203247106,0.452,3.938,0.836,0.368,0.13,0.266,3.35,11.56,10.188,16.107,4.268,4.470,6.181,2.759,0.11,11.78,6.844,3.241,10.447,1.241
2026-05-06 09:48:03,shepherds_purse_observed.csv,1.330041597939892312074074075,0.373,2.644,1.786,0.396,0.378,0.281,5.3,10.63,7.190,12.453,1.928,0.601,0.624,0.578,0.028,1.84,11.269,13.212,9.326,1.64
2026-05-06 09:48:03,shepherds_purse_observed.csv,0.9554693652107893280921604939,0.142,1.281,5.263,0.346,0.726,0.294,2.51,11.3,9.358,10.642,8.075,8.554,8.446,8.661,0.04,2.45,7.034,3.929,10.139,1.572
2026-05-06 09:48:03,shepherds_purse_observed.csv,0.9368161521413110441377371553,0.217,3.514,3.905,0.129,0.696,0.116,4.65,10.78,11.492,4.062,18.922,11.818,10.777,12.86,0.249,1.33,1.894,2.024,1.765,1.231
2026-05-06 09:48:04,shepherds_purse_observed.csv,0.5296484370588170798182716049,0.164,1.146,4.679,0.279,0.072,0.09,3.25,10.06,15.024,18.848,11.201,5.012,9.5,0.524,0.068,1.65,4.084,6.848,1.321,1.368
2026-05-06 09:48:04,shepherds_purse_observed.csv,0.3983939459275358078377932099,0.218,1.293,4.12,0.44,0.134,0.075,2.73,10.39,10.031,17.639,2.423,5.072,5.452,4.693,0.215,1.63,9.066,8.191,9.941,1.278
2026-05-06 09:48:04,shepherds_purse_observed.csv,0.5198848797331621150231806470,0.355,3.591,1.417,0.42,0.547,0.216,5.15,10.82,15.204,11.151,19.257,2.676,1.732,3.62,0.14,1.47,8.503,13.326,3.68,1.484
2026-05-06 09:48:05,shepherds_purse_observed.csv,1.725543358125580670091249144,0.418,1.374,0.933,0.205,0.149,0.365,5.1,9.96,8.056,4.183,11.929,10.930,9.028,12.831,0.243,2.13,7.802,3.543,12.061,1.487
2026-05-06 09:48:05,shepherds_purse_observed.csv,0.4653927648079498379353250387,0.108,3.805,3.223,0.191,0.561,0.24,4.08,10.99,10.936,16.73,5.141,9.574,6.414,12.734,0.183,11.65,6.862,10.1,3.623,1.705
2026-05-06 09:48:05,shepherds_purse_observed.csv,0.6555474604929906410710185185,0.059,2.614,3.973,0.282,0.397,0.157,3.88,11.99,7.932,4.343,11.522,2.630,4.545,0.715,0.061,11.88,7.905,10.321,5.489,1.001
2026-05-06 09:48:05,shepherds_purse_observed.csv,1.745149895362957966428129230,0.373,3.541,1.13,0.152,0.403,0.335,2.81,11.96,9.875,8.903,10.847,7.816,8.175,7.457,0.244,1.24,11.562,10.489,12.635,1.343
2026-05-06 09:48:06,shepherds_purse_observed.csv,1.539663094508560616429681139,0.281,1.403,3.1,0.072,0.681,0.13,2.6,11.01,11.476,9.595,13.356,4.302,2.996,5.608,0.179,1.72,6.251,2.435,10.067,1.063
2026-05-06 09:48:06,shepherds_purse_observed.csv,0.7409299377777784352350154323,0.074,1.074,3.727,0.422,0.319,0.294,4.76,9.91,16.135,18.654,13.616,7.920,8.395,7.444,0.192,2.48,7.218,9.16,5.275,1.522
2026-05-06 09:48:06,shepherds_purse_observed.csv,0.6306616174138892645390740741,0.162,1.709,5.985,0.165,0.381,0.323,5.28,10.64,9.840,13.637,6.044,0.767,0.807,0.727,0.016,1.22,3.883,6.521,1.245,0.804
2026-05-06 09:48:07,shepherds_purse_observed.csv,0.2785657022283281454599845680,0.172,0.365,4.597,0.254,0.595,0.265,5.46,10.84,8.550,0.687,16.414,1.406,1.274,1.538,0.086,1.6,8.352,11.739,4.966,1.447
2026-05-06 09:48:07,shepherds_purse_observed.csv,0.2801041838352039278392746914,0.04,3.044,1.069,0.43,0.529,0.037,4.71,11.6,12.008,10.836,13.179,3.864,4.200,3.529,0.237,1.01,8.988,4.221,13.754,1.014
2026-05-06 09:48:07,shepherds_purse_observed.csv,0.7744230426443624951099537037,0.082,2.907,4.766,0.357,0.008,0.059,3.27,10.58,12.861,11.701,14.021,13.318,14.000,12.636,0.076,11.82,6.970,6.75,7.19,0.825
2026-05-06 09:48:08,shepherds_purse_observed.csv,1.094085770060321133152127161,0.294,2.857,0.672,0.392,0.039,0.394,4.15,9.56,13.028,6.241,19.815,6.212,9.676,2.747,0.074,1.2,5.078,9.098,1.059,1.647
2026-05-06 09:48:08,shepherds_purse_observed.csv,0.8058680715349315360252623455,0.261,2.51,1.829,0.373,0.624,0.389,3.16,11.16,7.960,8.606,7.313,10.244,6.648,13.84,0.041,2.23,10.048,7.782,12.313,1.779
2026-05-06 09:48:08,shepherds_purse_observed.csv,0.6413304263026900121819475988,0.305,3.174,2.209,0.224,0.618,0.293,3.33,11.59,7.144,13.112,1.175,8.361,13.365,3.357,0.031,2.4,6.028,10.104,1.952,1.189
2026-05-06 09:48:08,shepherds_purse_observed.csv,1.399186550030172132192755409,0.209,0.706,0.586,0.15,0.413,0.324,3.01,11.87,14.882,12.44,17.324,8.126,9.92,6.333,0.167,1.58,6.783,10.217,3.349,1.655
2026-05-06 09:48:09,shepherds_purse_observed.csv,1.348769374141404559553242230,0.387,1.783,3.033,0.185,0.064,0.142,5.1,11.97,16.404,17.958,14.849,11.210,13.976,8.444,0.198,11.72,4.184,4.521,3.848,1.031
2026-05-06 09:48:09,shepherds_purse_observed.csv,1.377938259318119327641555349,0.442,2.998,2.452,0.393,0.184,0.393,5.0,11.58,8.156,0.464,15.849,9.083,5.425,12.741,0.016,11.77,7.703,13.212,2.194,0.957
2026-05-06 09:48:09,shepherds_purse_observed.csv,0.4194217383382359654135802469,0.115,1.134,4.538,0.456,0.287,0.144,4.57,10.76,10.640,4.589,16.691,11.976,12.622,11.329,0.022,1.3,6.248,3.239,9.256,1.29
2026-05-06 09:48:10,shepherds_purse_observed.csv,0.7065456656584592762538580250,0.12,2.304,5.89,0.36,0.195,0.297,4.04,11.49,11.376,4.383,18.368,8.788,6.023,11.553,0.162,11.78,6.466,7.171,5.761,1.175
2026-05-06 09:48:10,shepherds_purse_observed.csv,0.6943773959243279845254320989,0.18,3.195,3.193,0.377,0.248,0.108,4.62,11.65,12.317,13.678,10.956,11.816,13.093,10.539,0.049,2.1,8.320,12.879,3.762,1.488
2026-05-06 09:48:10,shepherds_purse_observed.csv,1.555641849999558422284529322,0.07,2.404,2.571,0.328,0.384,0.365,4.24,11.47,5.755,7.474,4.036,6.649,4.532,8.766,0.101,2.15,6.534,11.102,1.966,1.713
2026-05-06 09:48:11,shepherds_purse_observed.csv,0.6275721670458914458808008179,0.155,3.325,5.208,0.055,0.315,0.213,5.05,11.37,5.274,6.981,3.567,2.624,2.742,2.506,0.139,1.63,4.171,6.166,2.176,1.631
2026-05-06 09:48:11,shepherds_purse_observed.csv,1.088708805020516434346830989,0.355,3.484,3.146,0.197,0.681,0.09,3.27,9.91,6.420,8.844,3.996,7.622,8.468,6.775,0.104,1.97,6.933,11.548,2.318,1.338
2026-05-06 09:48:11,shepherds_purse_observed.csv,0.7074919458285793664281135880,0.132,1.168,4.436,0.085,0.298,0.059,2.59,11.9,4.683,5.609,3.757,12.840,12.739,12.942,0.227,1.04,5.090,6.688,3.491,0.913
2026-05-06 09:48:11,shepherds_purse_observed.csv,1.357907366893521305501261188,0.411,3.537,5.855,0.423,0.589,0.115,2.67,9.77,4.988,4.459,5.517,9.326,10.296,8.357,0.233,11.98,2.330,2.069,2.59,0.969
2026-05-06 09:48:12,shepherds_purse_observed.csv,1.360598297302562377762002517,0.335,3.465,5.127,0.079,0.086,0.062,3.61,10.97,9.785,12.174,7.396,5.068,4.645,5.492,0.094,1.93,2.191,1.297,3.085,0.817
2026-05-06 09:48:12,shepherds_purse_observed.csv,1.227002702561402574199074185,0.226,2.2,1.839,0.114,0.608,0.101,5.01,11.35,7.554,4.165,10.944,10.574,9.259,11.89,0.024,1.06,6.080,0.496,11.665,1.044
2026-05-06 09:48:12,shepherds_purse_observed.csv,0.8526944160554254666201234567,0.048,1.177,5.348,0.399,0.463,0.358,4.14,9.55,11.008,17.244,4.771,2.818,3.114,2.523,0.093,2.35,2.660,2.631,2.690,1.574
2026-05-06 10:24:02,shepherds_purse_observed.csv,0.6638681433960052068905051234,0.246,1.93,2.355,0.052,0.562,0.386,3.46,10.28,6.046,7.92,4.171,12.860,13.633,12.088,0.209,2.09,6.748,2.567,10.93,1.257
2026-05-06 10:24:02,shepherds_purse_observed.csv,1.017072203788109549593791955,0.353,1.185,4.9,0.407,0.147,0.436,5.05,10.24,9.372,1.182,17.563,7.866,12.695,3.038,0.187,2.27,5.478,2.538,8.419,0.842
2026-05-06 10:24:02,shepherds_purse_observed.csv,1.364110391165249475783148148,0.342,2.019,2.266,0.442,0.345,0.319,2.77,10.19,11.578,12.834,10.323,5.198,0.505,9.89,0.042,1.93,12.192,11.164,13.22,1.574
2026-05-06 10:24:03,shepherds_purse_observed.csv,1.749887584999580212509093355,0.448,0.304,3.683,0.061,0.189,0.393,4.47,11.51,2.840,3.35,2.331,7.511,6.411,8.611,0.243,11.87,8.192,5.528,10.857,1.617
2026-05-06 10:24:03,shepherds_purse_observed.csv,0.5146679828708014067344020062,0.078,0.704,2.815,0.164,0.728,0.225,4.38,11.64,2.636,1.799,3.473,2.329,3.554,1.104,0.052,11.91,5.946,7.853,4.04,1.561
2026-05-06 10:24:03,shepherds_purse_observed.csv,0.4988380777871171979567407407,0.452,0.794,5.143,0.423,0.097,0.09,3.11,9.96,15.102,13.169,17.035,8.249,11.338,5.16,0.048,1.12,7.708,9.803,5.614,1.152
2026-05-06 10:24:04,shepherds_purse_observed.csv,0.5155785966928158333943865741,0.311,2.399,1.108,0.366,0.702,0.38,5.07,11.82,5.972,6.237,5.706,2.526,2.349,2.704,0.173,2.32,10.042,9.5,10.585,1.465
2026-05-06 10:24:04,shepherds_purse_observed.csv,0.8553390765640453224584259261,0.144,3.959,4.43,0.418,0.539,0.336,3.31,11.72,15.853,12.859,18.847,1.826,1.989,1.662,0.064,2.35,1.941,2.121,1.761,0.899
2026-05-06 10:24:04,shepherds_purse_observed.csv,1.647595372875921695825520062,0.156,2.09,1.377,0.056,0.084,0.289,4.08,11.67,11.798,16.037,7.56,12.079,11.753,12.405,0.213,2.38,7.132,7.509,6.755,1.595
2026-05-06 10:24:05,shepherds_purse_observed.csv,1.192519318168165863009691180,0.243,3.234,3.254,0.19,0.035,0.191,3.16,9.51,10.720,19.094,2.347,4.310,7.778,0.841,0.12,1.47,7.704,13.659,1.75,1.76
2026-05-06 10:24:05,shepherds_purse_observed.csv,0.8977927442279637496277160496,0.129,2.721,2.758,0.291,0.329,0.447,2.7,11.38,3.508,3.841,3.175,5.856,3.884,7.829,0.244,1.21,9.268,8.916,9.621,1.341
2026-05-06 10:24:05,shepherds_purse_observed.csv,0.7155808891892388771490864198,0.185,3.212,2.101,0.143,0.317,0.298,5.28,10.71,4.620,6.409,2.831,4.208,4.609,3.806,0.146,2.25,3.746,6.236,1.257,0.8
2026-05-06 10:24:06,shepherds_purse_observed.csv,0.8520441989007007885252932099,0.275,2.722,5.759,0.378,0.211,0.424,5.03,9.61,7.598,8.068,7.127,5.816,2.216,9.415,0.033,1.98,9.480,13.188,5.771,0.857
2026-05-06 10:24:06,shepherds_purse_observed.csv,1.880299863179482689887152778,0.178,2.922,2.004,0.38,0.414,0.322,4.12,11.37,5.597,5.827,5.367,5.368,1.32,9.417,0.008,1.12,9.420,9.504,9.335,1.535
2026-05-06 10:24:06,shepherds_purse_observed.csv,0.9661083543683192173401952455,0.117,0.488,1.662,0.091,0.128,0.182,3.64,11.86,5.486,4.598,6.373,8.140,6.642,9.639,0.194,2.1,7.003,3.358,10.648,1.126
2026-05-06 10:24:06,shepherds_purse_observed.csv,1.720844514942177194376406753,0.223,1.11,5.62,0.153,0.749,0.083,3.68,11.48,7.010,1.344,12.676,3.838,3.760,3.915,0.192,2.1,2.108,2.12,2.096,1.261
2026-05-06 10:24:07,shepherds_purse_observed.csv,0.3842247765771676679012345681,0.312,0.35,5.493,0.378,0.247,0.081,4.74,10.97,17.210,18.59,15.83,11.014,12.815,9.213,0.016,1.93,8.190,5.205,11.174,1.685
2026-05-06 10:24:07,shepherds_purse_observed.csv,2.611899890731390848490679012,0.079,1.931,4.514,0.189,0.412,0.405,4.12,11.75,8.684,9.707,7.66,2.889,2.635,3.143,0.012,11.51,6.714,6.295,7.132,1.771
2026-05-06 10:24:07,shepherds_purse_observed.csv,0.5997228796579905221901061729,0.065,2.224,5.604,0.138,0.444,0.069,4.97,9.81,9.460,8.025,10.895,3.541,4.601,2.481,0.058,1.41,10.794,12.674,8.914,1.396
2026-05-06 10:24:08,shepherds_purse_observed.csv,1.298614916941823292710516498,0.273,3.97,3.093,0.05,0.172,0.274,4.56,9.96,9.074,9.156,8.992,10.349,8.823,11.875,0.128,11.65,2.960,3.005,2.916,1.633
2026-05-06 10:24:08,shepherds_purse_observed.csv,0.2564117192106079735776736112,0.22,0.356,1.663,0.41,0.668,0.274,3.73,11.57,10.602,3.958,17.245,2.591,4.431,0.751,0.013,1.78,6.574,7.222,5.926,1.219
2026-05-06 10:24:08,shepherds_purse_observed.csv,0.8813266299727383244452637791,0.3,3.899,0.852,0.152,0.666,0.015,4.83,10.34,9.504,5.712,13.297,5.668,9.4,1.937,0.21,11.95,7.354,6.566,8.143,1.012
2026-05-06 10:24:09,shepherds_purse_observed.csv,1.436557937405461508465461008,0.276,0.528,1.352,0.138,0.352,0.102,3.49,11.0,12.179,11.218,13.140,5.103,3.611,6.595,0.015,1.67,12.914,11.827,14.000,1.146
2026-05-06 10:24:09,shepherds_purse_observed.csv,1.058762330494976247426685995,0.228,1.219,1.55,0.116,0.575,0.118,2.94,10.04,12.338,11.598,13.079,5.592,0.562,10.621,0.229,1.43,1.938,3.489,0.386,1.063
2026-05-06 10:24:09,shepherds_purse_observed.csv,1.535671154023234651220799230,0.394,1.368,0.956,0.382,0.641,0.269,3.4,11.93,10.428,2.769,18.088,7.936,3.326,12.545,0.08,11.8,3.174,3.475,2.872,1.544
2026-05-06 10:24:10,shepherds_purse_observed.csv,1.060115634808263977550812363,0.397,0.807,2.342,0.273,0.077,0.273,3.58,10.63,12.960,15.803,10.116,8.083,8.072,8.094,0.154,2.07,3.534,3.129,3.94,1.267
2026-05-06 10:24:10,shepherds_purse_observed.csv,1.420614543617522288685226666,0.428,2.128,0.571,0.132,0.618,0.343,4.83,9.77,7.459,13.531,1.387,11.158,13.943,8.373,0.16,1.44,8.666,13.651,3.68,1.704
2026-05-06 10:24:10,shepherds_purse_observed.csv,0.6283972437802976500887304013,0.309,0.852,1.438,0.36,0.276,0.313,2.76,10.01,11.388,11.04,11.737,2.450,4.115,0.786,0.162,1.6,6.404,2.513,10.296,1.577
2026-05-06 10:24:10,shepherds_purse_observed.csv,1.605128886042379424702569444,0.076,2.434,4.874,0.082,0.595,0.359,2.5,11.48,15.878,13.789,17.968,9.910,6.601,13.219,0.117,1.57,6.303,7.537,5.069,1.123
2026-05-06 10:24:11,shepherds_purse_observed.csv,0.7342894064483402096858663966,0.158,0.42,0.856,0.287,0.108,0.216,4.38,10.4,3.545,2.706,4.384,13.250,13.515,12.986,0.112,1.5,6.482,11.871,1.093,1.699
2026-05-06 10:24:11,shepherds_purse_observed.csv,0.5918237604303391350961444831,0.143,1.782,5.528,0.26,0.72,0.315,3.09,9.98,9.784,18.177,1.39,9.110,6.556,11.664,0.245,11.67,5.642,4.204,7.079,1.395
2026-05-06 10:24:11,shepherds_purse_observed.csv,0.2796521219308275427024128472,0.045,0.511,4.145,0.187,0.505,0.338,4.32,10.37,8.548,5.132,11.964,9.020,11.871,6.17,0.083,2.21,7.092,0.664,13.519,1.578
2026-05-06 10:24:12,shepherds_purse_observed.csv,1.524803282520709250810998499,0.441,3.876,4.972,0.202,0.444,0.175,4.56,10.89,8.023,1.195,14.851,6.333,3.378,9.288,0.101,11.55,5.602,6.444,4.759,1.044
2026-05-06 10:24:12,shepherds_purse_observed.csv,0.8519178790183777696421682099,0.154,1.971,4.261,0.289,0.141,0.429,4.88,11.09,11.762,6.199,17.324,5.880,7.479,4.282,0.124,1.94,5.582,8.402,2.761,1.075
2026-05-06 10:24:12,shepherds_purse_observed.csv,0.7249560068089904424300771605,0.004,2.798,5.664,0.203,0.714,0.138,4.52,11.48,16.003,17.865,14.141,9.088,8.678,9.497,0.01,11.7,8.338,11.937,4.74,0.887
2026-05-06 10:24:13,shepherds_purse_observed.csv,1.079700096138821084379961420,0.184,0.652,1.523,0.058,0.37,0.029,4.6,9.64,12.347,13.250,11.444,0.464,0.408,0.521,0.119,1.82,2.184,2.614,1.754,1.185
2026-05-06 10:24:13,shepherds_purse_observed.csv,2.417945344624744754889154436,0.271,1.289,2.143,0.2,0.02,0.023,4.61,10.99,17.013,17.667,16.359,6.633,7.601,5.665,0.164,2.33,4.713,5.347,4.079,1.424
2026-05-06 10:24:13,shepherds_purse_observed.csv,1.502656816625128894181840785,0.411,1.678,5.384,0.115,0.115,0.018,4.28,9.9,11.960,15.637,8.283,8.533,11.452,5.614,0.026,2.38,9.863,9.311,10.415,1.621
2026-05-06 10:24:14,shepherds_purse_observed.csv,0.5900227123152480325605703619,0.153,0.646,0.534,0.181,0.634,0.36,5.18,10.15,4.398,3.715,5.082,12.054,10.292,13.816,0.063,2.32,5.638,3.361,7.916,1.141
2026-05-06 10:24:14,shepherds_purse_observed.csv,1.607670846175365394221037038,0.303,0.317,0.949,0.159,0.153,0.239,2.94,11.14,14.588,19.314,9.861,9.397,11.371,7.423,0.203,11.7,8.647,9.064,8.23,0.928
2026-05-06 10:24:14,shepherds_purse_observed.csv,1.630225276150204261764306296,0.381,1.104,1.114,0.243,0.114,0.441,3.84,11.44,9.575,7.798,11.352,6.590,0.822,12.359,0.042,1.27,7.606,11.989,3.224,1.208
2026-05-06 10:24:15,shepherds_purse_observed.csv,0.8227258828955082202737816360,0.34,3.1,5.742,0.301,0.14,0.148,3.53,10.14,11.656,6.804,16.509,1.470,2.485,0.455,0.111,2.4,8.271,8.372,8.17,0.89
2026-05-06 10:24:15,shepherds_purse_observed.csv,0.5688075181698273378411458332,0.105,0.543,3.407,0.36,0.326,0.289,4.6,10.42,6.743,8.861,4.625,7.464,6.76,8.168,0.08,2.15,3.708,4.459,2.958,1.465
2026-05-06 10:24:15,shepherds_purse_observed.csv,0.7976741868450090108895404695,0.339,1.169,1.086,0.186,0.495,0.372,4.39,10.35,13.712,8.616,18.808,13.390,13.519,13.261,0.021,2.4,3.775,2.882,4.668,1.291
2026-05-06 10:24:15,shepherds_purse_observed.csv,0.3566511350071641778476080246,0.085,1.738,4.871,0.24,0.556,0.245,4.61,11.87,5.052,5.241,4.864,4.262,5.971,2.552,0.02,11.63,5.721,4.896,6.546,1.29
2026-05-06 10:24:16,shepherds_purse_observed.csv,0.2538954642611452201605902778,0.049,2.813,4.992,0.309,0.598,0.356,3.97,10.28,4.718,4.609,4.828,1.183,1.676,0.69,0.163,1.86,5.274,4.273,6.274,0.975
2026-05-06 10:24:16,shepherds_purse_observed.csv,0.5273760129409537722535407781,0.097,3.846,2.634,0.108,0.447,0.317,4.58,10.36,14.000,9.498,18.501,4.188,7.683,0.694,0.212,1.24,7.656,11.473,3.838,1.046
2026-05-06 10:24:16,shepherds_purse_observed.csv,0.9430602463527903053916143212,0.048,3.994,1.19,0.225,0.082,0.126,5.38,9.64,10.842,11.882,9.802,5.168,7.625,2.711,0.25,1.67,9.526,12.627,6.424,1.637
2026-05-06 10:24:17,shepherds_purse_observed.csv,0.9162317375284726582876903153,0.206,1.597,5.686,0.196,0.495,0.398,4.87,11.75,10.294,6.529,14.059,5.757,5.635,5.879,0.068,1.48,6.062,9.928,2.197,1.109
2026-05-06 10:24:17,shepherds_purse_observed.csv,1.072878189251107878041620371,0.048,1.5,0.994,0.288,0.496,0.38,2.93,10.34,2.248,2.340,2.155,5.943,10.043,1.843,0.186,11.54,9.020,5.262,12.779,1.406
2026-05-06 10:24:17,shepherds_purse_observed.csv,1.206534147656947844289013897,0.457,2.454,1.26,0.116,0.567,0.331,3.86,10.22,11.364,11.691,11.038,6.348,9.712,2.984,0.151,2.11,7.878,2.653,13.102,1.729
2026-05-06 10:24:18,shepherds_purse_observed.csv,0.5202389086881637656458024691,0.013,3.662,5.472,0.403,0.502,0.21,3.8,11.67,10.522,11.045,9.999,9.752,10.886,8.617,0.076,1.77,3.042,4.103,1.98,1.294
2026-05-06 10:24:18,shepherds_purse_observed.csv,0.6206926048118501009489623764,0.351,3.366,4.04,0.427,0.429,0.404,3.81,11.58,17.248,18.268,16.228,6.844,6.642,7.046,0.218,2.3,1.456,1.583,1.329,1.165
2026-05-06 10:24:18,shepherds_purse_observed.csv,0.7910889729292394083568518519,0.02,0.281,5.196,0.083,0.133,0.334,2.61,11.35,7.810,7.957,7.663,3.188,3.236,3.141,0.013,1.87,4.056,2.507,5.606,1.198
2026-05-06 10:24:19,shepherds_purse_observed.csv,0.9863690095738514097283950620,0.157,3.357,0.752,0.387,0.252,0.084,4.41,11.08,2.723,1.23,4.216,6.356,6.937,5.775,0.182,1.79,7.452,10.133,4.771,1.56
2026-05-06 10:24:19,shepherds_purse_observed.csv,0.5492198787757109926025617284,0.372,1.227,1.905,0.441,0.266,0.393,3.59,11.38,3.098,3.757,2.438,11.124,13.097,9.151,0.053,11.84,11.114,9.545,12.684,1.483
2026-05-06 10:24:19,shepherds_purse_observed.csv,4.405438294551411081529753089,0.104,2.998,3.094,0.259,0.078,0.042,3.43,11.22,2.670,2.784,2.555,3.912,2.572,5.251,0.009,1.01,5.040,9.097,0.982,1.742
2026-05-06 10:24:20,shepherds_purse_observed.csv,0.6640729828829323033966820987,0.086,0.869,2.489,0.372,0.556,0.44,3.07,10.0,4.558,5.279,3.836,8.950,12.503,5.397,0.138,1.09,10.092,8.136,12.047,1.762
2026-05-06 10:24:20,shepherds_purse_observed.csv,0.5734894299728270905153703704,0.338,3.68,5.528,0.381,0.53,0.278,5.3,9.51,3.716,0.563,6.869,7.312,6.882,7.741,0.108,1.52,6.495,12.271,0.719,1.348
2026-05-06 10:24:20,shepherds_purse_observed.csv,1.004749475746483782064428773,0.138,3.473,4.751,0.102,0.566,0.111,4.72,10.82,1.957,1.427,2.487,11.744,9.955,13.533,0.248,2.4,4.584,8.564,0.605,1.133
2026-05-06 10:24:20,shepherds_purse_observed.csv,1.918700222786751425355727810,0.322,1.462,5.267,0.236,0.287,0.047,2.51,11.45,10.852,15.875,5.829,13.156,12.311,14.000,0.022,2.16,7.369,12.285,2.453,1.105
2026-05-06 10:24:21,shepherds_purse_observed.csv,0.8544803470154834707747102240,0.054,0.558,0.734,0.27,0.176,0.006,3.07,11.2,10.627,4.413,16.841,9.068,4.55,13.586,0.23,1.22,7.448,4.592,10.305,1.641
2026-05-06 10:24:21,shepherds_purse_observed.csv,0.6416973538090378749746982717,0.269,1.934,3.737,0.213,0.598,0.387,4.48,10.52,1.318,2.044,0.591,10.831,11.424,10.238,0.081,1.67,3.012,1.404,4.62,1.712
2026-05-06 10:24:21,shepherds_purse_observed.csv,0.5344809699698609980710233410,0.299,1.484,3.317,0.457,0.596,0.357,3.96,9.71,5.318,5.116,5.519,10.796,13.174,8.419,0.114,2.41,8.269,3.909,12.629,0.893
2026-05-06 10:24:22,shepherds_purse_observed.csv,0.8742165048614171276893517361,0.19,3.972,3.468,0.203,0.3,0.393,3.03,10.49,10.226,10.14,10.312,8.252,6.86,9.644,0.187,1.73,6.580,7.707,5.453,0.978
2026-05-06 10:24:22,shepherds_purse_observed.csv,1.669103747598383068090200618,0.401,1.052,4.985,0.057,0.154,0.265,3.69,11.8,12.896,9.103,16.689,5.979,5.475,6.483,0.199,1.96,7.704,11.583,3.824,1.625
2026-05-06 10:24:22,shepherds_purse_observed.csv,0.5957657534431103362581817592,0.334,3.325,4.544,0.312,0.092,0.1,4.69,10.69,9.495,9.849,9.141,4.908,1.686,8.129,0.082,1.2,3.924,3.495,4.354,1.149
2026-05-06 10:24:23,shepherds_purse_observed.csv,0.9647164319310910157097403711,0.299,0.684,4.326,0.215,0.68,0.287,4.75,9.9,0.856,1.311,0.402,12.846,13.983,11.709,0.175,11.92,7.245,10.379,4.111,1.317
2026-05-06 10:24:23,shepherds_purse_observed.csv,0.4920642114922102087524094866,0.375,1.554,2.203,0.399,0.659,0.117,4.57,9.9,13.737,16.316,11.158,8.493,6.628,10.358,0.24,2.17,11.073,11.442,10.704,1.338
2026-05-06 10:24:23,shepherds_purse_observed.csv,1.024560403902123415704436724,0.14,2.023,1.858,0.098,0.704,0.066,5.1,11.01,17.744,18.154,17.333,12.666,13.777,11.555,0.239,2.0,10.127,10.038,10.216,1.177
2026-05-06 10:24:24,shepherds_purse_observed.csv,0.5604906404384832693900176023,0.155,2.512,4.446,0.071,0.488,0.156,3.91,10.19,4.800,5.235,4.366,10.620,9.851,11.390,0.079,1.28,6.454,7.014,5.893,1.775
2026-05-06 10:24:24,shepherds_purse_observed.csv,1.256675058591031852890091019,0.18,1.918,2.936,0.117,0.729,0.077,3.13,9.84,5.304,5.706,4.901,6.426,5.635,7.217,0.178,2.22,7.634,3.123,12.145,0.955
2026-05-06 10:24:24,shepherds_purse_observed.csv,0.3982025678462163462959104938,0.252,1.117,2.081,0.309,0.041,0.235,4.28,11.06,10.995,15.009,6.981,11.051,12.091,10.011,0.066,11.61,4.288,5.305,3.27,1.545
2026-05-06 10:24:24,shepherds_purse_observed.csv,0.9574668266118656926918402778,0.282,2.762,3.116,0.351,0.035,0.111,3.81,11.09,11.426,14.096,8.757,5.544,8.504,2.584,0.196,2.15,9.084,9.875,8.292,1.33
2026-05-06 10:24:25,shepherds_purse_observed.csv,1.064301245812385746080509384,0.444,0.291,4.594,0.086,0.686,0.349,4.23,11.57,14.222,14.036,14.408,6.786,7.856,5.717,0.219,2.04,8.219,5.479,10.959,1.007
2026-05-06 10:24:25,shepherds_purse_observed.csv,1.345265218829645821793081250,0.372,3.056,2.942,0.178,0.456,0.274,3.15,9.87,13.732,10.449,17.016,6.307,6.161,6.453,0.016,1.36,6.648,2.858,10.438,1.342
2026-05-06 10:24:25,shepherds_purse_observed.csv,1.097567163355772066024950137,0.37,3.929,4.011,0.054,0.419,0.185,3.68,11.07,13.896,15.766,12.025,6.782,0.516,13.048,0.231,11.88,4.034,4.175,3.892,1.012
2026-05-06 10:24:26,shepherds_purse_observed.csv,0.3202408607134017421432716049,0.12,2.215,4.096,0.359,0.579,0.313,3.7,11.18,16.492,18.215,14.769,9.885,7.321,12.449,0.078,2.46,7.429,2.215,12.643,1.548
2026-05-06 10:24:26,shepherds_purse_observed.csv,2.135941332824142794077160494,0.334,2.901,5.852,0.391,0.289,0.295,3.0,9.95,1.542,1.468,1.616,4.326,6.917,1.736,0.002,2.06,7.276,3.498,11.054,1.33
2026-05-06 10:24:26,shepherds_purse_observed.csv,0.4223754207550996476202006173,0.249,2.053,1.957,0.282,0.22,0.075,5.11,10.98,6.102,6.604,5.6,2.634,1.133,4.134,0.057,11.58,1.924,1.922,1.926,1.659
2026-05-06 10:24:27,shepherds_purse_observed.csv,0.3072150935322027651790123457,0.28,0.782,1.348,0.417,0.201,0.194,3.02,11.5,11.062,9.418,12.705,8.284,7.543,9.025,0.119,1.14,10.568,9.878,11.259,1.07
2026-05-06 10:24:27,shepherds_purse_observed.csv,1.356748115866334850576106018,0.398,1.832,4.951,0.375,0.516,0.186,3.32,11.09,12.434,11.068,13.799,5.404,5.734,5.075,0.036,2.44,9.414,13.279,5.55,1.234
2026-05-06 10:24:27,shepherds_purse_observed.csv,1.047384128315224892294753087,0.166,1.448,0.74,0.381,0.399,0.368,3.37,11.44,9.860,0.52,19.201,5.950,3.076,8.825,0.202,11.65,13.781,14.000,13.562,0.93
2026-05-06 10:24:28,shepherds_purse_observed.csv,0.8538943035739461717320804618,0.163,2.486,5.309,0.153,0.026,0.253,5.3,9.79,7.019,5.329,8.709,13.254,13.646,12.863,0.141,11.88,3.740,3.400,4.079,1.483
2026-05-06 10:24:28,shepherds_purse_observed.csv,1.237942380378490403520293504,0.215,0.287,1.944,0.141,0.348,0.339,4.95,11.09,15.197,15.111,15.283,12.276,12.47,12.082,0.005,1.28,6.266,2.563,9.969,1.134
2026-05-06 10:24:28,shepherds_purse_observed.csv,0.4551452642592566935269650078,0.175,0.655,4.743,0.353,0.497,0.169,4.3,10.98,10.768,11.863,9.674,12.098,13.123,11.073,0.117,1.16,8.814,3.667,13.961,0.978
2026-05-06 10:24:28,shepherds_purse_observed.csv,1.531259831900674441788695988,0.269,2.708,3.868,0.445,0.466,0.286,5.15,11.95,8.552,1.071,16.034,9.568,5.713,13.424,0.043,1.71,13.292,12.928,13.656,1.569
2026-05-06 10:24:29,shepherds_purse_observed.csv,3.103436209830740567637379629,0.36,2.263,1.613,0.143,0.219,0.13,4.16,11.51,15.858,11.82,19.896,4.443,0.984,7.902,0.246,11.63,9.830,6.753,12.908,1.417
2026-05-06 10:24:29,shepherds_purse_observed.csv,2.296430490817094988212524092,0.324,1.906,1.932,0.183,0.04,0.284,3.67,10.95,17.681,15.75,19.612,5.040,1.533,8.548,0.173,1.63,5.858,9.99,1.726,1.645
2026-05-06 10:24:29,shepherds_purse_observed.csv,0.7202821941614724449244444445,0.166,3.8,1.04,0.327,0.085,0.078,4.84,11.5,5.316,1.962,8.671,13.392,12.784,14.000,0.11,11.52,12.504,12.607,12.401,0.956
2026-05-06 10:24:30,shepherds_purse_observed.csv,2.182382689949377240254319196,0.391,3.745,0.865,0.327,0.263,0.344,2.56,11.78,6.246,11.258,1.234,10.483,8.632,12.334,0.134,11.98,6.151,9.113,3.189,1.731
2026-05-06 10:24:30,shepherds_purse_observed.csv,1.587415157721406744615485590,0.135,1.495,2.278,0.068,0.019,0.394,5.18,10.48,8.076,8.561,7.590,8.386,11.559,5.212,0.148,11.61,10.122,7.2,13.045,1.724
2026-05-06 10:24:30,shepherds_purse_observed.csv,0.6906477061513101507044033433,0.39,2.299,5.103,0.307,0.118,0.241,3.92,11.07,16.418,15.867,16.969,6.492,8.655,4.33,0.201,2.06,10.036,11.967,8.105,1.089
2026-05-06 10:24:31,shepherds_purse_observed.csv,1.160570543735175341263117284,0.002,2.738,4.362,0.214,0.491,0.448,2.56,10.86,8.332,10.368,6.296,6.126,8.894,3.359,0.147,2.3,9.324,10.031,8.616,1.417
2026-05-06 10:24:31,shepherds_purse_observed.csv,1.809641461227693070554301736,0.2,1.767,2.43,0.151,0.59,0.041,3.15,11.89,12.986,13.212,12.761,11.933,11.553,12.313,0.001,1.64,8.801,13.015,4.587,1.258
2026-05-06 10:24:31,shepherds_purse_observed.csv,0.2575302793600889023591550928,0.119,2.147,0.746,0.415,0.286,0.443,3.14,11.44,6.628,11.454,1.802,11.122,8.824,13.421,0.208,11.74,1.116,1.057,1.176,0.983
2026-05-06 10:24:32,shepherds_purse_observed.csv,0.8853669524760042576487181577,0.046,1.504,3.411,0.091,0.482,0.032,5.21,10.53,14.359,9.622,19.096,2.434,2.605,2.264,0.241,1.78,8.278,8.817,7.74,1.343
2026-05-06 10:24:32,shepherds_purse_observed.csv,0.4955262838901926155923958333,0.411,1.809,4.411,0.398,0.451,0.446,3.75,11.39,3.415,5.891,0.939,8.482,13.085,3.88,0.025,1.22,9.777,9.494,10.06,1.411
2026-05-06 10:24:32,shepherds_purse_observed.csv,1.653438096245084765037926744,0.275,0.293,5.776,0.096,0.574,0.317,3.94,10.07,12.514,13.915,11.113,4.582,3.033,6.131,0.225,11.54,7.222,13.75,0.693,1.627
2026-05-06 10:24:32,shepherds_purse_observed.csv,1.237034278042313094209334021,0.338,3.771,3.887,0.299,0.427,0.377,2.88,10.57,7.195,8.837,5.553,12.603,14.000,11.206,0.051,1.18,4.808,2.915,6.702,1.703
2026-05-06 10:24:33,shepherds_purse_observed.csv,0.9082611165929094751539578276,0.418,3.131,2.399,0.258,0.695,0.209,4.37,10.96,16.768,18.421,15.115,11.214,11.519,10.91,0.032,1.27,3.549,6.598,0.5,1.523
2026-05-06 10:24:33,shepherds_purse_observed.csv,0.8596216538880115362253919385,0.211,1.437,3.176,0.107,0.037,0.336,5.12,10.31,9.760,2.251,17.268,13.480,13.083,13.877,0.097,1.69,8.558,7.693,9.422,1.499
2026-05-06 10:24:33,shepherds_purse_observed.csv,0.8076888220385571955341779706,0.043,3.541,4.29,0.119,0.189,0.347,3.22,9.54,11.103,19.817,2.389,6.361,6.108,6.614,0.072,1.92,6.282,0.665,11.898,1.238
2026-05-06 10:24:34,shepherds_purse_observed.csv,1.241632145171909978895952160,0.364,3.897,1.449,0.251,0.484,0.255,4.46,11.92,6.862,11.96,1.763,6.116,4.962,7.269,0.234,2.19,11.852,13.527,10.178,1.635
2026-05-06 10:24:34,shepherds_purse_observed.csv,1.330232449511052505325029294,0.417,2.66,3.195,0.063,0.503,0.415,4.33,11.59,8.804,6.986,10.622,10.992,9.492,12.493,0.043,2.33,11.516,10.165,12.866,1.488
2026-05-06 10:24:34,shepherds_purse_observed.csv,2.047751016716335850790053720,0.391,2.66,3.726,0.165,0.296,0.279,3.42,11.41,4.566,4.342,4.791,6.338,6.586,6.09,0.219,11.51,11.926,13.469,10.382,1.251
2026-05-06 10:24:35,shepherds_purse_observed.csv,1.361682242743441169745531428,0.408,0.518,4.719,0.138,0.244,0.419,5.1,10.94,6.775,8.603,4.947,4.268,4.588,3.948,0.242,11.68,12.762,13.498,12.025,0.833
2026-05-06 10:24:35,shepherds_purse_observed.csv,0.3697357774059128602200038581,0.046,1.805,3.166,0.362,0.341,0.012,3.49,11.35,8.855,12.752,4.958,7.532,10.972,4.092,0.208,1.06,10.709,13.306,8.112,1.671
2026-05-06 10:24:35,shepherds_purse_observed.csv,0.4970179261142290859794174630,0.327,1.839,4.675,0.184,0.214,0.295,2.89,10.81,10.825,10.936,10.714,10.637,12.555,8.719,0.185,1.59,9.374,8.331,10.417,1.191
2026-05-06 10:24:35,shepherds_purse_observed.csv,0.5178452558281265414410493827,0.069,3.895,3.439,0.455,0.61,0.387,4.81,11.9,17.393,17.206,17.58,8.478,11.571,5.386,0.139,2.48,8.430,12.467,4.392,0.926
2026-05-06 10:24:36,shepherds_purse_observed.csv,2.679059667829587411748172069,0.231,1.692,2.959,0.129,0.22,0.291,2.69,11.63,9.596,2.27,16.923,10.326,12.36,8.292,0.229,2.49,3.118,2.683,3.552,1.715
2026-05-06 10:24:36,shepherds_purse_observed.csv,1.683633553427686954036740129,0.324,1.012,2.086,0.29,0.516,0.161,3.44,11.37,10.070,2.971,17.168,6.950,10.885,3.014,0.012,2.24,8.212,10.818,5.605,1.737
2026-05-06 10:24:36,shepherds_purse_observed.csv,0.4133860261205628188388271606,0.079,2.477,3.369,0.364,0.444,0.02,4.53,9.53,2.521,1.68,3.362,6.386,4.43,8.343,0.031,1.84,8.818,12.187,5.449,0.806
2026-05-06 10:24:37,shepherds_purse_observed.csv,1.897542118958448568804422778,0.323,0.717,3.867,0.081,0.138,0.031,2.63,10.7,4.786,5.094,4.477,7.989,7.398,8.58,0.097,11.94,10.376,8.973,11.779,1.261
2026-05-06 10:24:37,shepherds_purse_observed.csv,1.096661304347942707206893656,0.292,3.256,1.747,0.192,0.397,0.382,3.62,9.6,16.672,15.682,17.661,7.274,11.61,2.939,0.038,1.13,9.560,12.783,6.338,1.031
2026-05-06 10:24:37,shepherds_purse_observed.csv,1.218850690402785040813842955,0.277,3.824,3.771,0.143,0.471,0.095,4.26,11.6,16.083,17.135,15.031,3.370,1.497,5.243,0.219,11.8,2.672,0.778,4.565,1.407
2026-05-06 10:24:38,shepherds_purse_observed.csv,0.6149520691449802985617283951,0.085,2.497,1.352,0.275,0.28,0.019,3.15,9.58,14.010,11.883,16.138,12.953,12.047,13.859,0.034,11.73,6.291,5.178,7.404,1.46
2026-05-06 10:24:38,shepherds_purse_observed.csv,0.9254455003355493942330864198,0.164,4.0,0.836,0.248,0.649,0.439,2.71,11.53,18.034,16.067,20.000,9.785,8.747,10.823,0.0,1.59,7.076,6.713,7.438,1.144
2026-05-06 10:24:38,shepherds_purse_observed.csv,0.7482941061653124996261728397,0.189,2.448,2.505,0.333,0.3,0.174,5.43,10.05,10.946,19.856,2.035,6.772,1.235,12.308,0.074,11.7,3.254,3.516,2.993,1.492
2026-05-06 10:24:39,shepherds_purse_observed.csv,1.037666352005245284762530235,0.159,2.796,5.348,0.109,0.066,0.305,5.15,10.53,8.048,3.555,12.54,7.456,2.919,11.994,0.1,1.53,2.394,2.098,2.691,1.069
2026-05-06 10:24:39,shepherds_purse_observed.csv,1.558379912504393828562910183,0.073,0.369,5.863,0.097,0.004,0.345,3.64,9.63,10.542,11.704,9.38,7.482,3.523,11.442,0.207,2.04,7.232,5.289,9.175,0.924
2026-05-06 10:24:39,shepherds_purse_observed.csv,0.8620160801506484489321715667,0.382,3.183,0.517,0.143,0.564,0.228,4.31,11.73,4.210,4.671,3.748,6.466,2.978,9.954,0.069,1.81,4.241,3.902,4.580,1.156
2026-05-06 10:24:39,shepherds_purse_observed.csv,0.6011080925979847856893055632,0.016,1.478,4.146,0.174,0.528,0.349,4.42,9.99,17.866,16.929,18.803,4.823,5.363,4.283,0.219,2.25,11.267,11.665,10.869,1.262
2026-05-06 10:24:40,shepherds_purse_observed.csv,1.446708962579581702591655730,0.318,3.317,5.42,0.139,0.74,0.072,4.46,11.84,17.091,17.697,16.485,5.602,5.432,5.773,0.087,11.69,7.047,2.073,12.021,1.764
2026-05-06 10:24:40,shepherds_purse_observed.csv,0.8712389154020919530910375556,0.351,0.587,4.813,0.268,0.389,0.288,5.48,9.61,7.743,7.105,8.381,2.208,2.993,1.423,0.131,11.95,3.882,3.911,3.853,1.608
2026-05-06 10:24:40,shepherds_purse_observed.csv,0.6837931944076901207898302468,0.049,3.748,5.169,0.335,0.481,0.038,2.77,9.91,13.489,11.664,15.314,2.158,2.109,2.207,0.095,1.87,2.942,2.912,2.973,1.293
2026-05-06 10:24:41,shepherds_purse_observed.csv,1.173745091429046304494919946,0.017,3.678,2.653,0.069,0.715,0.13,4.4,11.38,17.722,16.981,18.464,12.442,11.726,13.159,0.053,11.95,4.972,2.948,6.996,1.241
2026-05-06 10:24:41,shepherds_purse_observed.csv,0.6283523348980113514425442173,0.435,2.739,3.877,0.189,0.254,0.042,5.1,9.52,9.178,9.214,9.141,7.074,9.63,4.518,0.232,1.54,5.004,5.29,4.718,1.296
2026-05-06 10:24:41,shepherds_purse_observed.csv,0.5528259587858140310700209876,0.011,2.5,1.223,0.107,0.273,0.366,4.76,9.8,7.988,1.777,14.198,4.356,3.061,5.65,0.145,1.33,8.410,9.77,7.051,0.859
2026-05-06 10:24:42,shepherds_purse_observed.csv,1.400226680194840547565390095,0.45,3.217,1.889,0.097,0.408,0.341,5.07,11.76,6.380,10.46,2.301,7.537,5.293,9.781,0.023,2.05,11.628,10.951,12.305,0.975
2026-05-06 10:24:42,shepherds_purse_observed.csv,0.7564511992485761825997165433,0.173,2.089,2.38,0.06,0.54,0.153,3.97,11.55,6.942,11.865,2.02,10.828,9.464,12.193,0.202,1.43,6.386,8.259,4.512,1.012
2026-05-06 10:24:42,shepherds_purse_observed.csv,2.003553598078823298886445171,0.417,0.3,4.708,0.185,0.521,0.21,5.48,9.73,10.098,11.201,8.994,0.964,0.937,0.992,0.219,1.75,10.797,9.89,11.704,1.718
2026-05-06 10:24:42,shepherds_purse_observed.csv,0.4368303346099587595772839506,0.027,0.73,5.262,0.443,0.152,0.387,5.38,11.31,14.113,17.212,11.014,6.243,2.692,9.794,0.052,1.08,4.452,7.588,1.316,1.036
2026-05-06 10:24:43,shepherds_purse_observed.csv,0.4947306948155001832959074075,0.185,3.436,4.835,0.417,0.529,0.219,5.44,9.83,12.996,16.023,9.97,10.896,12.876,8.917,0.192,2.11,6.622,8.804,4.441,1.378
2026-05-06 10:24:43,shepherds_purse_observed.csv,1.515448335849622353941756174,0.286,2.936,2.833,0.309,0.099,0.39,3.43,11.99,12.579,17.929,7.229,10.674,9.606,11.741,0.025,1.09,7.628,7.396,7.861,1.409
2026-05-06 10:24:43,shepherds_purse_observed.csv,1.139070279712398347296058132,0.411,0.899,3.647,0.459,0.041,0.252,4.81,9.8,13.116,11.848,14.385,10.492,8.873,12.110,0.064,11.99,6.417,0.993,11.841,1.669
2026-05-06 10:24:44,shepherds_purse_observed.csv,2.420149321956084032911618657,0.334,2.651,1.368,0.06,0.479,0.239,2.51,9.68,12.076,9.646,14.506,3.235,6.022,0.448,0.041,1.17,6.156,7.03,5.282,1.317
2026-05-06 10:24:44,shepherds_purse_observed.csv,0.5714244961661903034406241975,0.36,2.638,3.683,0.333,0.557,0.027,3.06,9.57,6.126,10.198,2.053,3.500,1.905,5.095,0.176,1.35,5.540,6.075,5.006,1.344
2026-05-06 10:24:44,shepherds_purse_observed.csv,2.588893585324563915415691902,0.319,3.605,4.671,0.085,0.628,0.03,3.08,9.59,2.327,2.762,1.892,9.498,12.801,6.195,0.01,11.75,11.914,13.58,10.249,1.444
2026-05-06 10:24:45,shepherds_purse_observed.csv,1.710982880751759641032019900,0.332,1.321,0.942,0.163,0.407,0.021,2.7,10.63,6.892,9.776,4.009,5.042,5.569,4.515,0.13,2.03,2.000,1.365,2.636,1.309
2026-05-06 10:24:45,shepherds_purse_observed.csv,1.525570803358620680383782242,0.243,0.973,3.778,0.252,0.715,0.105,2.74,11.04,8.121,8.152,8.09,11.251,11.739,10.763,0.128,11.85,6.303,11.972,0.634,0.816
2026-05-06 10:24:45,shepherds_purse_observed.csv,0.8111902548875220539114197534,0.146,2.969,2.938,0.215,0.627,0.35,3.36,10.13,0.928,0.979,0.878,4.084,6.496,1.672,0.033,2.25,7.340,12.962,1.719,0.842
2026-05-06 10:24:45,shepherds_purse_observed.csv,0.5263137295750737593460802470,0.174,3.287,1.606,0.349,0.346,0.376,4.79,10.21,16.844,17.822,15.865,6.796,2.038,11.553,0.017,1.85,5.674,1.679,9.67,1.039
2026-05-06 10:24:46,shepherds_purse_observed.csv,1.341891447719249349402962963,0.138,3.559,1.262,0.232,0.079,0.292,3.96,11.34,10.120,4.648,15.592,3.073,1.477,4.669,0.008,1.63,5.110,9.218,1.003,1.004
2026-05-06 10:24:46,shepherds_purse_observed.csv,0.6994845601439156148597260803,0.26,1.348,2.686,0.448,0.622,0.142,2.97,9.73,13.250,7.687,18.812,5.969,11.535,0.403,0.072,1.18,9.226,11.945,6.508,0.853
2026-05-06 10:24:46,shepherds_purse_observed.csv,0.3962191473987874269948456791,0.002,2.784,3.884,0.109,0.4,0.22,3.06,11.66,10.496,18.469,2.524,12.018,11.363,12.674,0.063,1.86,4.445,5.772,3.118,1.749
2026-05-06 10:24:47,shepherds_purse_observed.csv,0.7964598770484034785291136450,0.165,3.125,5.267,0.118,0.262,0.049,4.1,10.34,9.397,17.63,1.164,13.025,12.050,14.000,0.017,1.64,5.162,7.236,3.089,1.233
2026-05-06 10:24:47,shepherds_purse_observed.csv,0.4283458613267303077695092592,0.191,2.033,5.839,0.376,0.668,0.422,4.88,11.73,9.456,12.231,6.68,9.547,8.879,10.215,0.185,1.33,6.780,7.117,6.443,1.234
2026-05-06 10:24:47,shepherds_purse_observed.csv,1.094934393258778636828580247,0.061,3.75,1.653,0.443,0.241,0.321,4.97,10.6,8.209,12.876,3.542,3.910,0.783,7.037,0.17,2.44,7.972,10.419,5.526,1.011
2026-05-06 10:24:48,shepherds_purse_observed.csv,1.307338333873405131657057318,0.358,0.582,1.283,0.245,0.172,0.112,4.35,10.01,15.498,13.837,17.16,10.826,12.114,9.538,0.06,11.84,7.477,7.905,7.049,1.057
2026-05-06 10:24:48,shepherds_purse_observed.csv,0.5029618911629102904168761201,0.16,0.27,1.824,0.242,0.716,0.379,3.9,10.51,12.224,13.819,10.628,5.937,3.655,8.219,0.203,1.62,3.255,2.419,4.091,1.093
2026-05-06 10:24:48,shepherds_purse_observed.csv,0.5924557532149013199932407408,0.082,1.846,3.522,0.305,0.171,0.157,3.66,11.95,4.856,3.215,6.496,7.603,4.385,10.821,0.069,11.7,6.904,5.188,8.62,0.889
2026-05-06 10:24:48,shepherds_purse_observed.csv,0.6824438057603842493018518520,0.243,1.527,2.891,0.283,0.004,0.219,3.44,11.56,14.426,15.602,13.249,6.597,5.016,8.178,0.213,11.77,8.770,6.896,10.645,1.414
2026-05-06 10:24:49,shepherds_purse_observed.csv,1.023546929152385755709876544,0.014,1.806,2.944,0.322,0.204,0.272,3.35,10.8,1.952,0.822,3.083,4.861,7.127,2.595,0.214,1.73,4.344,6.672,2.017,1.575
2026-05-06 10:24:49,shepherds_purse_observed.csv,0.7421605753455614056978125001,0.112,1.52,5.353,0.423,0.302,0.086,4.94,9.51,8.990,4.563,13.417,7.492,11.603,3.381,0.049,2.31,7.696,9.206,6.186,1.589
2026-05-06 10:24:49,shepherds_purse_observed.csv,0.5367676359117786720301244796,0.426,1.015,3.701,0.263,0.507,0.325,5.03,10.76,8.768,14.705,2.83,7.812,10.301,5.323,0.118,1.49,9.824,6.467,13.181,1.293
2026-05-06 10:24:50,shepherds_purse_observed.csv,1.772443261310780446632157674,0.397,0.418,5.362,0.057,0.033,0.236,5.42,9.61,15.648,15.162,16.134,10.334,8.437,12.231,0.131,1.24,9.228,11.989,6.466,1.194
2026-05-06 10:24:50,shepherds_purse_observed.csv,0.7391636800729973625029012347,0.002,2.998,3.967,0.262,0.43,0.407,4.95,10.89,14.341,18.833,9.849,6.018,3.771,8.265,0.21,2.33,0.973,0.826,1.120,1.553
2026-05-06 10:24:50,shepherds_purse_observed.csv,0.5752493741460022670769292902,0.419,3.397,4.998,0.345,0.198,0.061,5.01,10.36,8.190,13.327,3.053,10.051,7.719,12.383,0.17,1.57,2.796,2.693,2.898,1.31
2026-05-06 10:24:51,shepherds_purse_observed.csv,1.290575761230985923025822289,0.394,1.164,2.286,0.334,0.51,0.069,3.91,11.69,5.500,1.257,9.742,3.416,5.373,1.46,0.21,1.88,4.703,4.188,5.218,1.63
2026-05-06 10:24:51,shepherds_purse_observed.csv,0.8110160917769668891298162765,0.021,3.743,3.472,0.079,0.316,0.172,4.94,10.52,7.446,1.511,13.382,7.447,12.369,2.525,0.239,1.56,4.548,0.835,8.262,1.215
2026-05-06 10:24:51,shepherds_purse_observed.csv,0.6205466432301131436005555557,0.229,2.385,3.582,0.323,0.731,0.434,5.43,11.54,9.592,14.638,4.545,7.400,9.686,5.115,0.002,2.17,7.618,4.605,10.632,1.254
2026-05-06 10:24:52,shepherds_purse_observed.csv,1.696889116551611878725628860,0.306,2.804,5.16,0.172,0.137,0.323,3.89,11.56,18.040,17.855,18.225,2.580,4.209,0.951,0.188,1.03,1.867,0.365,3.369,1.584
2026-05-06 10:24:52,shepherds_purse_observed.csv,0.8010069070284450559758179011,0.273,1.675,3.086,0.439,0.109,0.155,2.54,11.31,14.084,18.59,9.578,3.286,3.958,2.615,0.012,1.01,8.523,6.836,10.21,1.077
2026-05-06 10:24:52,shepherds_purse_observed.csv,0.5368353289806067921737542765,0.283,3.575,1.88,0.118,0.508,0.272,4.5,11.65,8.256,15.728,0.785,3.492,5.082,1.901,0.194,1.82,8.514,6.595,10.434,0.862
2026-05-06 10:24:52,shepherds_purse_observed.csv,0.8244112685433623230971265433,0.393,2.524,4.97,0.289,0.736,0.297,3.3,9.73,10.762,8.557,12.968,7.794,8.789,6.799,0.172,2.02,7.854,5.996,9.713,1.598
2026-05-06 10:24:53,shepherds_purse_observed.csv,0.7096429429835284500974845678,0.194,2.473,1.121,0.334,0.084,0.149,4.63,11.97,8.154,5.468,10.84,4.272,6.742,1.802,0.029,2.36,6.247,11.521,0.973,0.933
2026-05-06 10:24:53,shepherds_purse_observed.csv,0.5308490429681521785995341515,0.393,1.666,5.583,0.161,0.176,0.0,4.88,9.61,8.054,8.729,7.378,11.713,10.013,13.413,0.111,1.33,8.470,10.807,6.134,1.451
2026-05-06 10:24:53,shepherds_purse_observed.csv,0.9099610391163286520597941051,0.008,2.269,0.83,0.12,0.114,0.003,5.0,10.27,7.120,13.064,1.175,3.293,3.606,2.980,0.127,2.1,0.810,1.044,0.577,0.955
2026-05-06 10:24:54,shepherds_purse_observed.csv,1.113187370197363418292345679,0.305,1.857,4.226,0.364,0.562,0.357,2.99,11.98,9.148,7.708,10.587,2.618,1.822,3.415,0.2,1.38,3.068,2.829,3.306,1.448
2026-05-06 10:24:54,shepherds_purse_observed.csv,1.730164686022650385889546974,0.32,1.526,5.487,0.143,0.03,0.045,3.14,9.75,6.004,5.202,6.805,4.744,8.31,1.177,0.216,1.18,0.920,0.980,0.860,0.929
2026-05-06 10:24:54,shepherds_purse_observed.csv,3.230090116074679119403993782,0.362,1.216,0.895,0.194,0.295,0.048,2.93,11.66,9.774,6.316,13.233,1.534,2.466,0.603,0.096,1.24,4.087,4.977,3.197,1.591
2026-05-06 10:24:55,shepherds_purse_observed.csv,1.001648083420242511574074074,0.002,3.631,3.057,0.429,0.347,0.312,5.49,10.7,10.436,7.941,12.932,9.282,11.029,7.536,0.004,1.76,5.868,7.94,3.797,1.3
2026-05-06 10:24:55,shepherds_purse_observed.csv,1.267964916700583222427654321,0.088,3.941,0.678,0.291,0.085,0.082,4.56,11.75,11.034,8.561,13.507,5.862,10.005,1.719,0.124,11.92,11.210,10.659,11.76,1.208
2026-05-06 10:24:55,shepherds_purse_observed.csv,1.362863050950137169477947838,0.391,0.986,1.258,0.224,0.104,0.291,3.93,11.78,3.762,5.527,1.996,7.711,12.469,2.953,0.147,1.01,6.088,9.89,2.286,0.841
2026-05-06 10:24:56,shepherds_purse_observed.csv,0.7214198852389949998995246484,0.355,1.634,2.782,0.321,0.36,0.233,4.97,10.27,18.606,20.000,17.212,2.293,2.755,1.831,0.063,11.5,9.048,12.246,5.849,1.539
2026-05-06 10:24:56,shepherds_purse_observed.csv,1.266954573532287466810793559,0.32,1.058,3.262,0.086,0.082,0.081,5.32,9.74,2.960,2.688,3.231,3.414,2.778,4.051,0.223,2.43,5.554,2.069,9.039,1.221
2026-05-06 10:24:56,shepherds_purse_observed.csv,0.8125025333208173211617283952,0.019,2.963,0.776,0.301,0.232,0.213,4.63,10.55,14.268,16.238,12.299,1.738,2.528,0.948,0.207,2.46,2.086,2.406,1.765,1.257
2026-05-06 10:24:56,shepherds_purse_observed.csv,0.6071889601032017347266080249,0.46,1.769,3.871,0.252,0.42,0.445,3.45,11.1,6.816,13.015,0.616,9.207,4.848,13.566,0.114,11.98,9.602,7.272,11.931,1.61
2026-05-06 10:24:57,shepherds_purse_observed.csv,0.5058822374727761139543709877,0.317,1.568,2.683,0.291,0.093,0.025,3.52,10.91,15.662,19.412,11.911,5.465,0.677,10.253,0.084,1.34,7.728,3.332,12.124,1.348
2026-05-06 10:24:57,shepherds_purse_observed.csv,1.135589284025604363126929012,0.094,2.474,2.895,0.31,0.264,0.114,2.94,10.38,8.820,3.449,14.192,9.382,8.386,10.379,0.188,1.43,6.220,5.465,6.974,1.79
2026-05-06 10:24:57,shepherds_purse_observed.csv,0.4098461529013626631273185186,0.164,3.581,0.555,0.333,0.349,0.013,5.18,11.8,11.772,8.008,15.537,2.720,4.266,1.173,0.141,1.8,6.026,1.275,10.778,1.436
2026-05-06 10:24:58,shepherds_purse_observed.csv,0.7899898619408430041916697530,0.2,3.462,4.58,0.266,0.524,0.344,4.27,9.59,0.446,0.494,0.397,10.202,9.502,10.901,0.201,11.7,2.104,0.897,3.311,1.106
2026-05-06 10:24:58,shepherds_purse_observed.csv,0.8733636672317173995117939814,0.237,3.33,0.948,0.348,0.725,0.173,3.6,11.47,8.840,2.951,14.729,10.803,12.084,9.522,0.065,1.22,7.156,11.916,2.396,0.907
2026-05-06 10:24:58,shepherds_purse_observed.csv,3.270128111429670689803734568,0.173,3.549,1.325,0.453,0.61,0.403,3.36,10.18,4.818,0.481,9.156,10.264,6.557,13.972,0.131,1.98,12.418,13.324,11.513,1.498
2026-05-06 10:24:59,shepherds_purse_observed.csv,0.5531968614399220047481248459,0.004,1.398,1.953,0.231,0.551,0.021,4.44,11.71,6.656,5.2,8.113,8.674,12.205,5.143,0.207,1.32,8.742,4.535,12.95,1.003
2026-05-06 10:24:59,shepherds_purse_observed.csv,1.462788098538191734730051162,0.006,2.236,4.228,0.103,0.611,0.034,3.06,11.68,13.477,19.842,7.112,8.720,8.367,9.074,0.198,11.6,5.639,2.343,8.935,1.213
2026-05-06 10:24:59,shepherds_purse_observed.csv,1.058594483013205055115715043,0.241,1.447,4.636,0.073,0.082,0.137,4.17,11.66,9.093,2.292,15.894,9.248,9.384,9.112,0.238,1.08,3.749,1.564,5.934,1.397
2026-05-06 10:24:59,shepherds_purse_observed.csv,0.7483735598196019488771518877,0.241,3.291,4.291,0.1,0.594,0.097,4.51,11.75,9.246,7.201,11.292,5.336,8.67,2.001,0.2,1.41,7.061,3.127,10.995,1.586
2026-05-06 10:25:00,shepherds_purse_observed.csv,0.4975251121092406819561149693,0.116,3.34,2.643,0.348,0.548,0.178,4.94,10.41,5.178,4.623,5.733,4.900,1.674,8.127,0.214,1.95,7.240,13.975,0.506,1.615
2026-05-06 10:25:00,shepherds_purse_observed.csv,0.4444518443126113097790617284,0.447,1.429,4.04,0.381,0.435,0.105,3.04,11.4,15.054,11.363,18.746,11.277,12.423,10.131,0.183,1.47,4.198,7.299,1.096,1.528
2026-05-06 10:25:00,shepherds_purse_observed.csv,1.410157750447884420670814475,0.369,1.056,1.734,0.127,0.527,0.089,3.53,10.02,4.950,3.489,6.41,2.717,4.749,0.685,0.089,2.3,4.704,4.065,5.343,0.882
2026-05-06 10:25:01,shepherds_purse_observed.csv,0.6095832926201709930954026714,0.378,1.257,5.358,0.383,0.632,0.036,4.39,10.64,9.366,10.390,8.342,6.586,1.983,11.19,0.116,1.86,3.757,4.749,2.765,1.706
2026-05-06 10:25:01,shepherds_purse_observed.csv,0.8521152969486115987006237348,0.351,0.653,2.179,0.162,0.628,0.318,3.19,11.28,6.021,10.62,1.422,9.574,7.283,11.864,0.013,1.95,3.255,0.644,5.866,1.685
2026-05-06 10:25:01,shepherds_purse_observed.csv,0.7162386561691622670813524769,0.259,0.862,1.243,0.11,0.747,0.417,4.09,10.18,10.588,7.587,13.59,4.188,3.632,4.743,0.087,2.35,8.694,3.635,13.752,0.961
2026-05-06 10:25:02,shepherds_purse_observed.csv,1.937370883360123514049259259,0.131,2.152,1.09,0.181,0.063,0.078,2.91,10.58,8.895,17.294,0.496,1.610,0.778,2.442,0.022,1.89,5.906,11.139,0.673,1.492
2026-05-06 10:25:02,shepherds_purse_observed.csv,0.3102451677095831103305092593,0.014,2.704,2.527,0.373,0.475,0.321,5.49,10.73,9.274,2.937,15.61,3.483,3.626,3.34,0.231,11.94,4.472,6.319,2.624,0.806
2026-05-06 10:25:02,shepherds_purse_observed.csv,1.292227865251955331731562500,0.218,1.638,4.359,0.242,0.397,0.162,3.22,9.86,16.995,14.124,19.866,8.666,9.554,7.779,0.018,1.88,5.053,1.904,8.202,1.06
2026-05-06 10:25:02,shepherds_purse_observed.csv,1.001982489337683433446862662,0.432,0.816,2.173,0.098,0.716,0.052,4.68,10.07,8.488,8.036,8.94,8.136,2.645,13.626,0.196,1.47,9.414,6.583,12.246,1.589
2026-05-06 10:25:03,shepherds_purse_observed.csv,0.2472088969032143525424691358,0.153,1.283,4.269,0.423,0.344,0.1,3.6,10.51,17.118,16.596,17.639,8.140,12.974,3.307,0.08,1.59,10.702,7.782,13.621,0.936
